"행정구역별(읍면동)",2019,2019,2019,2019,2019,2019,2019,2019,2019,2019,2019,2019,2019,2019,2019,2019,2019,2019,2019,2019,2019,2019,2020,2020,2020,2020,2020,2020,2020,2020,2020,2020,2020,2020,2020,2020,2020,2020,2020,2020,2020,2020,2020,2020
"행정구역별(읍면동)",합계,0~4세,5~9세,10~14세,15~19세,20~24세,25~29세,30~34세,35~39세,40~44세,45~49세,50~54세,55~59세,60~64세,65~69세,70~74세,75~79세,80~84세,85~89세,90~94세,95~99세,100세이상,합계,0~4세,5~9세,10~14세,15~19세,20~24세,25~29세,30~34세,35~39세,40~44세,45~49세,50~54세,55~59세,60~64세,65~69세,70~74세,75~79세,80~84세,85~89세,90~94세,95~99세,100세이상
"행정구역별(읍면동)",총인구(명),총인구(명),총인구(명),총인구(명),총인구(명),총인구(명),총인구(명),총인구(명),총인구(명),총인구(명),총인구(명),총인구(명),총인구(명),총인구(명),총인구(명),총인구(명),총인구(명),총인구(명),총인구(명),총인구(명),총인구(명),총인구(명),총인구(명),총인구(명),총인구(명),총인구(명),총인구(명),총인구(명),총인구(명),총인구(명),총인구(명),총인구(명),총인구(명),총인구(명),총인구(명),총인구(명),총인구(명),총인구(명),총인구(명),총인구(명),총인구(명),총인구(명),총인구(명),총인구(명)
"전국",51779203,1881548,2276617,2234015,2637341,3413656,3612505,3304679,3999744,3855403,4449226,4322368,4285702,3689408,2492232,1926601,1595168,1075010,511197,173427,38482,4874,51829136,1722081,2264595,2267481,2449561,3364804,3666212,3301331,3805470,3906665,4325697,4372054,4210645,3885297,2734187,2027679,1600867,1120781,563930,192663,41512,5624
"서울특별시",9639541,306901,347642,352373,443224,681005,821238,729069,778838,705535,817450,769856,769236,697227,481211,377160,285466,169625,73786,25898,6012,789,9586195,278869,343206,353042,408748,664188,835286,734952,745117,709736,783563,773582,743817,712641,520889,391970,290634,179109,81514,28197,6251,884
"종로구",154969,3565,4372,4740,9015,15242,14057,10753,10504,9846,12652,12323,12556,10726,7366,6101,5377,3461,1580,565,147,21,151291,3130,4217,4721,7656,14111,13997,10662,10065,9778,11923,12442,12258,10978,7882,6119,5295,3582,1694,595,164,22
"중구",130957,3968,3676,2951,5098,10762,12057,11034,10933,8810,9926,10291,10786,9870,6665,5286,4333,2692,1234,476,92,17,128744,3573,3485,2879,4450,10206,12010,11031,10474,8842,9322,10280,10444,9969,7159,5497,4388,2832,1291,504,97,11
"용산구",227181,8159,7702,7049,8722,15289,20431,19789,20216,16585,19022,17673,17272,15423,10344,8396,7180,4847,2141,725,194,22,225882,7383,7502,6878,8206,14687,20386,20002,19566,16893,18197,18204,17270,15838,11098,8533,6989,4912,2336,785,191,26
"성동구",299688,11452,10398,8974,11942,22964,26568,24647,26456,21640,24238,23687,24039,20801,13760,10870,8810,5273,2241,724,181,23,291918,10310,10050,8590,10975,22060,26285,23986,25076,21325,22404,23361,22955,21191,14583,11087,8765,5536,2401,771,182,25
"광진구",359766,10211,11392,11810,15873,31082,37355,30527,28970,25167,29148,28712,28433,24756,16022,12204,9273,5452,2355,804,188,32,353967,8766,10938,11712,14378,30082,38125,30230,27226,24817,27382,28400,27486,25383,17487,12585,9413,5836,2591,882,215,33
"동대문구",355094,10642,11244,10709,15364,35870,32550,25140,27295,24119,26980,26404,26995,25424,18196,14840,12064,7080,3010,913,229,26,351057,9740,10970,10546,14063,34386,33298,25564,26042,24051,25745,26249,25858,25818,19415,15039,12185,7484,3343,990,233,38
"중랑구",386331,11889,12722,12085,15376,23775,31201,28326,30538,26292,30929,33384,35584,31697,21561,16853,12770,7163,2927,985,233,41,385663,10829,12371,11931,14091,23529,32150,28737,29051,26773,29301,33035,34513,32866,23672,17550,12996,7677,3250,1076,230,35
"성북구",445327,13767,16737,16752,24004,41700,36245,28703,32997,31566,38323,34359,32880,30064,21029,17447,14594,8902,3665,1299,267,27,438833,12562,16218,16554,22076,39422,36491,28771,31437,31055,36577,35118,31622,30556,22481,17966,14635,9413,4160,1413,279,27
"강북구",303871,7766,9461,9885,12804,20200,22618,18756,21602,20834,25824,25310,26389,24633,18025,15698,12869,7302,2706,936,233,20,299535,6775,8932,9661,11706,19784,23008,18480,19816,20536,24492,25340,25396,25133,19266,15928,13138,7770,3081,1019,251,23
"도봉구",323543,9185,11077,11481,15447,21299,22651,19403,22736,21622,27430,27835,29049,27529,18470,14546,11922,7181,3262,1119,268,31,315979,8007,10554,11180,13524,20421,22480,18795,21049,21056,25669,27660,27566,28032,20227,15096,11955,7634,3529,1235,264,46
"노원구",522480,15325,19807,24001,32051,41209,35048,29778,35890,37997,49258,44860,42037,37500,25548,19651,15818,10034,4688,1568,362,50,511982,13706,19205,23468,28771,39207,34986,29520,33729,37151,46652,45161,40209,38176,27731,20583,15915,10509,5081,1783,380,59
"은평구",461530,14470,16751,17385,21869,27888,34413,31221,36871,34139,40411,37344,37378,34572,24430,20445,16466,9857,3916,1375,299,30,463102,13099,16506,17328,20084,28322,36117,31917,35206,34494,39070,38061,36260,35721,26448,21054,16629,10556,4454,1424,318,34
"서대문구",319394,9696,10510,10389,16127,33354,29777,21915,23282,21249,25370,24088,23621,21070,14587,12555,10755,7003,2836,966,206,38,317209,9356,10850,10421,14203,29899,30045,22811,23219,21699,24592,24681,23073,21651,15640,12703,10689,7222,3164,1029,226,36
"마포구",369327,13006,13141,13091,15816,29685,36087,32214,33136,28687,31497,27012,25204,21889,14793,12696,10639,6669,2902,920,210,33,365612,11698,12993,12891,14435,28241,36762,32439,32211,28399,30541,27517,24750,22236,15872,12716,10549,6931,3155,1040,203,33
"양천구",440354,13201,19101,23432,25774,27157,29182,26089,32025,34663,43431,39440,36506,31605,21513,15498,10824,6505,3074,1054,244,36,439068,12084,18993,23778,24745,26991,29635,25835,30569,34866,41644,39381,35422,32361,23664,16614,11130,6742,3209,1130,244,31
"강서구",574097,20971,22443,20706,24423,32955,50078,48967,52180,43845,46027,42383,45340,42996,29173,21766,14687,8915,4226,1622,354,40,564854,17970,21463,20330,22213,32286,51403,49112,48563,43714,44189,41726,42796,43501,31481,22842,15081,9375,4576,1815,380,38
"구로구",435560,15426,16224,14346,16547,23721,33061,33550,36930,32844,36697,35888,38244,35090,24449,18075,12823,7428,3001,976,223,17,435442,14036,15590,14396,15441,23454,33270,34218,35295,33009,35110,35928,37380,36378,26545,19213,13222,8004,3535,1143,250,25
"금천구",249747,7379,7297,6869,8671,14393,22364,20001,19341,16710,20828,22722,24554,20803,13904,10052,7363,4057,1740,532,145,22,249419,6557,7023,6632,7947,14256,23442,20596,18637,16491,19510,22281,23931,21752,14935,10649,7593,4399,1992,610,153,33
"영등포구",394083,13962,12514,10914,12867,21097,35950,36743,34697,28438,32080,32356,34310,30549,19951,14932,11287,7119,3051,995,247,24,403619,13596,12966,11015,12319,21506,37810,38675,35289,29358,30961,32778,33791,31709,21930,15768,11601,7558,3588,1100,271,30
"동작구",400368,12614,13427,12591,17219,33671,39268,32172,32181,28291,30908,29450,30760,28024,19812,16027,12267,7266,3083,1057,243,37,392772,11162,13113,12375,15505,31594,39650,31987,30064,28062,29512,29608,29210,28440,21100,16602,12332,7648,3361,1157,248,42
"관악구",507828,12334,13029,12663,17942,42140,69742,49614,41154,33299,36876,35312,36810,33762,24987,20224,15311,8233,3120,1002,238,36,502641,10498,12326,12182,16436,41671,71807,50597,38602,32829,35040,34694,35205,34189,26315,20816,15706,8831,3498,1131,230,38
"서초구",404960,14509,19678,20323,21377,23385,28936,29252,34016,34318,39364,31931,28272,26104,18587,15018,10094,5726,2636,1128,271,35,401749,13222,19529,21165,20573,23963,28266,28273,31837,34595,37913,32788,27492,25904,19897,15478,10536,5991,2875,1137,269,46
"강남구",509199,14823,21071,25580,28841,29822,38842,38140,42611,42820,50261,41943,35466,32189,23510,18895,12433,6919,3298,1354,334,47,508135,13370,21406,26731,27691,30707,38582,37776,40296,43577,48978,42406,34387,31942,25177,19596,12950,7308,3509,1362,334,50
"송파구",648600,24494,27386,27014,30762,38305,51785,52640,57621,50333,55111,51701,51092,46846,31885,22540,14626,8355,4151,1580,332,41,643288,22173,27286,27216,28457,38406,51667,51973,54986,51095,53140,51378,49005,47236,34947,23827,15160,8723,4499,1717,351,46
"강동구",415287,14087,16482,16633,19293,24040,30972,29695,34656,31421,34859,33448,35659,33305,22644,16545,10881,6186,2943,1223,272,43,444434,15267,18720,18462,18803,24997,33614,32965,36812,35271,35699,35105,35538,35681,25937,18109,11782,6636,3342,1349,288,57
"부산광역시",3372692,108650,131200,124504,159525,226140,225555,192974,242964,232814,270887,272717,296549,285494,206460,155901,121817,72969,32198,10948,2153,273,3349016,98637,131903,126187,144199,218047,226843,192718,227062,236830,260800,273734,281623,291543,224086,164547,122339,77700,35683,11847,2384,304
"읍부",144728,7900,9945,8022,7088,6305,7243,8705,14632,14251,13007,9814,8985,8709,6611,5091,3992,2567,1304,444,104,9,141436,6441,9496,8086,6938,6360,7274,8072,12483,14261,12912,10145,8646,9006,7130,5354,4073,2720,1399,492,130,18
"면부",16004,404,504,376,432,710,842,743,972,881,1079,1240,1643,1783,1396,1166,910,562,267,66,25,X,28029,1530,1499,920,796,1195,1497,1982,2597,2139,1897,2093,2218,2405,1817,1396,974,653,305,88,22,6
"동부",3211960,100346,120751,116106,152005,219125,217470,183526,227360,217682,256801,261663,285921,275002,198453,149644,116915,69840,30627,10438,2024,261,3179551,90666,120908,117181,136465,210492,218072,182664,211982,220430,245991,261496,270759,280132,215139,157797,117292,74327,33979,11267,2232,280
"중구",41958,649,823,849,1395,2588,3264,2481,2601,2535,3221,3324,3802,4165,3218,2585,2200,1306,616,278,49,9,41439,526,777,822,1195,2663,3434,2404,2460,2414,3059,3309,3534,4120,3419,2721,2202,1385,635,295,55,10
"서구",105847,2441,3159,3139,4415,7238,7001,5347,6522,6351,7984,8096,9583,9802,7734,6293,5348,3390,1383,491,119,11,105303,2302,3175,3190,4039,7156,7004,5309,6046,6477,7627,8127,8949,9931,8243,6603,5317,3560,1609,500,125,14
"동구",85673,1954,2157,2133,3164,4547,5685,4903,5470,5200,6419,6678,7635,8213,6601,5507,4753,2945,1176,448,75,10,87246,1902,2181,2175,2893,4476,6035,5236,5435,5305,6301,6927,7265,8425,7107,5737,4772,3142,1363,485,77,7
"영도구",117959,2399,3221,3231,5814,9424,6741,5293,6578,6787,8630,9057,10676,11613,8995,7558,6300,3644,1435,463,84,16,113224,2078,3037,3210,5018,8200,6369,4884,5935,6558,8157,8832,9818,11428,9642,7804,6217,3877,1577,476,92,15
"부산진구",352390,10294,11898,11267,16306,25392,27190,22266,24993,23250,27277,27317,30488,29905,21798,16719,13525,7968,3345,983,189,20,351403,9294,11671,11285,14658,24856,28508,22793,23798,23515,26140,27492,28978,30362,23502,17475,13393,8619,3765,1074,208,17
"동래구",260986,8355,10977,11266,12544,14933,16115,14192,18575,18969,22340,21854,22627,22008,16355,11935,9074,5329,2481,838,190,29,263345,8035,11355,11868,11859,14937,16142,14495,17748,19709,22003,21936,21555,22333,17708,12814,9257,5666,2746,952,197,30
"남구",278849,8308,10937,10748,15044,24247,18242,14285,18834,19453,22880,21312,22250,22272,16820,13331,10635,5916,2426,782,109,18,269111,7162,10642,10765,12642,22704,18027,13562,16743,19172,21692,21361,20465,22154,17731,13782,10551,6331,2652,821,137,15
"북구",285098,9360,10781,10890,13526,19457,19755,15830,18934,18617,22707,26354,28956,25070,16407,11351,8656,5193,2303,778,153,20,280177,8271,10663,10542,12120,18290,19538,15836,17491,18367,21373,25653,27724,26151,17987,12296,8711,5481,2652,830,180,21
"해운대구",392846,12522,16653,17467,21556,23078,23387,20288,27122,29306,36414,34656,34837,31681,21888,16379,12843,7973,3449,1118,210,19,389535,11440,16765,17569,19177,22753,23543,20106,25305,29329,34648,35265,33677,32414,23941,17169,12863,8381,3775,1161,229,25
"사하구",319828,9860,12039,11724,15932,21447,21206,18052,23083,21338,25689,26783,29608,27922,19694,14361,10533,6363,2896,1053,221,24,312057,8368,11683,11517,14599,20492,20581,17070,20796,21210,24128,26414,27640,28639,21482,15207,10803,6807,3161,1174,254,32
"금정구",244726,6083,7829,7989,12825,22540,17988,12530,14790,14539,18085,19712,22387,21232,15455,11803,9260,5693,2793,966,204,23,237219,5188,7694,7864,11124,21334,17467,12208,13152,14480,16905,19161,20906,21288,16688,12251,9223,5912,3069,1062,213,30
"강서구",128809,9594,9545,5815,4071,5011,8089,11680,16811,11903,8793,7409,8342,8116,5263,3419,2521,1477,687,222,38,X,136734,9454,10561,6747,4223,5121,8175,12130,17234,13641,9582,7952,8340,8637,6109,3759,2499,1583,704,237,36,10
"연제구",203959,7147,8016,7500,8884,12192,13368,12252,15338,14296,16515,16393,17462,17410,12817,9634,7524,4432,1932,689,137,21,204947,6607,8114,7663,8203,12174,13526,12446,14460,14794,16024,16636,16679,17746,14089,10269,7617,4781,2184,751,162,22
"수영구",170414,5039,5282,5169,6276,9739,13100,10956,12588,11205,13196,12820,14377,15350,11705,9316,7022,4338,2038,748,131,19,171461,4638,5461,5138,5959,9560,13673,11361,11790,11608,12794,13211,13599,15381,12508,9830,7070,4655,2234,833,141,17
"사상구",222618,6341,7434,6919,10253,17292,16339,13171,15121,13933,16651,19898,22891,20243,13703,9453,6721,3873,1667,581,115,19,216350,5401,7129,6826,8756,15776,16050,12824,13589,13851,15558,19220,21630,21123,14983,10080,6797,4147,1853,616,126,15
"기장군",160732,8304,10449,8398,7520,7015,8085,9448,15604,15132,14086,11054,10628,10492,8007,6257,4902,3129,1571,510,129,12,169465,7971,10995,9006,7734,7555,8771,10054,15080,16400,14809,12238,10864,11411,8947,6750,5047,3373,1704,580,152,24
"대구광역시",2429940,83746,103487,104830,131202,167561,161994,138781,172733,175876,213400,214280,211437,177148,124986,91533,76857,49325,22443,6870,1301,150,2410700,75767,102474,104457,120738,164883,163122,138022,160788,175075,204666,214621,206714,185094,135142,97519,75796,51639,25076,7468,1454,185
"읍부",236543,14353,14183,11226,11042,12958,15242,18311,23738,20180,19453,18601,18203,14236,9024,6086,4695,3077,1429,421,79,6,237111,13136,14432,11665,10428,12678,14861,17537,22416,21125,19398,18835,18214,15376,10102,6737,4745,3208,1625,485,100,8
"면부",21931,877,944,571,683,905,1419,1675,1776,1412,1383,1448,1741,1784,1365,1070,1024,974,598,236,41,5,23902,1060,1040,732,679,898,1473,1826,2044,1683,1450,1593,1795,1931,1510,1195,1029,985,660,257,52,10
"동부",2171466,68516,88360,93033,119477,153698,145333,118795,147219,154284,192564,194231,191493,161128,114597,84377,71138,45274,20416,6213,1181,139,2149687,61571,87002,92060,109631,151307,146788,118659,136328,152267,183818,194193,186705,167787,123530,89587,70022,47446,22791,6726,1302,167
"중구",75561,2771,2759,2189,2805,5204,6558,5264,5953,4917,5670,5466,5757,5504,4255,3728,3373,2084,923,300,74,7,74278,2485,2707,2205,2575,5099,6720,5225,5567,4884,5447,5516,5432,5460,4367,3834,3208,2161,1002,306,64,14
"동구",337439,12692,14381,12629,13973,18967,21550,20371,25517,24218,26662,27336,29378,27247,20546,15682,13153,8237,3560,1087,221,32,333294,11174,13975,12545,13193,18416,21620,20002,23286,24031,25829,27154,28427,27952,22043,16576,13047,8619,4022,1104,255,24
"서구",175243,3732,4607,4818,7384,10877,12135,9109,10259,10336,13657,16503,18636,16468,12622,9116,7574,4626,1976,647,144,17,170437,3123,4459,4606,6369,10017,11822,8807,9233,9976,12767,15753,17943,16959,13470,9618,7538,4886,2227,696,145,23
"남구",147500,3249,3848,4107,6361,10610,10595,8284,9259,8925,11417,11864,13134,12954,9982,7957,7039,4707,2292,740,165,11,145588,2961,3727,3962,5711,10353,11051,8293,8658,8827,10751,11856,12466,12880,10643,8267,6816,4872,2506,818,149,21
"북구",446050,16063,19430,19995,26948,37439,30314,25081,31375,32834,41069,39625,37102,29210,19899,14653,12624,7739,3448,994,188,20,446466,14846,19370,19739,24639,36905,31072,25720,29425,32394,39884,40650,36994,31453,21709,15641,12474,8307,3877,1116,221,30
"수성구",415283,11304,18844,23704,28163,27342,23891,17887,25061,31419,42034,39571,35104,28762,20191,14993,12849,8581,4119,1240,193,31,412912,10417,18882,23770,25854,27515,24196,18025,23542,31259,40049,39975,34442,29826,21660,15874,12567,8848,4582,1358,242,29
"달서구",574390,18705,24491,25591,33843,43259,40290,32799,39795,41635,52055,53866,52382,40983,27102,18248,14526,9300,4098,1205,196,21,566712,16565,23882,25233,31290,43002,40307,32587,36617,40896,49091,53289,51001,43257,29638,19777,14372,9753,4575,1328,226,26
"달성군",258474,15230,15127,11797,11725,13863,16661,19986,25514,21592,20836,20049,19944,16020,10389,7156,5719,4051,2027,657,120,11,261013,14196,15472,12397,11107,13576,16334,19363,24460,22808,20848,20428,20009,17307,11612,7932,5774,4193,2285,742,152,18
"인천광역시",2952237,111320,133686,130218,148004,187191,217524,195774,239555,228183,258677,256421,258996,208358,126286,95646,73266,48528,23659,8679,1993,273,2945454,100431,131940,131690,137257,183896,218574,194775,225743,230990,251386,255672,255044,222461,141056,101005,74691,50540,26186,9644,2184,289
"읍부",21707,610,817,945,1621,991,1090,895,1284,1345,1762,1707,1903,1859,1332,1248,1070,753,348,98,26,X,21601,600,826,980,1211,1011,1097,894,1205,1354,1718,1745,1890,1934,1493,1252,1090,754,406,115,24,X
"면부",62568,1258,1530,1586,1535,2531,2967,2411,2760,2931,3749,4752,6719,7367,5346,4898,4220,3321,1838,660,162,27,63711,1208,1481,1626,1601,2529,2879,2455,2589,2907,3622,4669,6579,7767,5965,5248,4311,3352,2013,696,188,26
"동부",2867962,109452,131339,127687,144848,183669,213467,192468,235511,223907,253166,249962,250374,199132,119608,89500,67976,44454,21473,7921,1805,243,2860142,98623,129633,129084,134445,180356,214598,191426,221949,226729,246046,249258,246575,212760,133598,94505,69290,46434,23767,8833,1972,261
"중구",131863,5440,6424,5988,6509,6931,10633,9318,11636,11307,11622,9792,9209,8635,5865,4934,3684,2253,1105,449,111,18,138586,5280,6679,6390,6642,7130,11576,10176,11503,12061,12019,10541,9510,9057,6629,5235,3895,2360,1299,471,115,18
"동구",63003,1881,2477,2431,2643,3301,3409,3305,4608,4819,5253,4903,5294,5447,3976,3498,2821,1772,819,279,59,8,61285,1528,2280,2405,2526,3241,3355,2936,4053,4694,5125,4861,5051,5474,4262,3577,2875,1790,875,310,64,X
"연수구",374413,16914,20536,19990,23720,26458,26827,25428,31549,30778,34594,31682,30579,21680,11541,8238,6339,4310,2236,803,186,25,390260,17054,22326,21399,21086,26655,27710,26992,32774,33316,35265,33023,31254,24445,13632,8892,6423,4491,2419,876,204,24
"남동구",533119,20252,25507,24326,25655,32019,39396,35446,45259,43306,47084,45633,45916,37105,23060,16867,12525,7927,3898,1535,355,48,528927,17767,24683,24417,24370,31535,39194,34818,41446,43593,45605,45487,44972,39512,25731,18062,12906,8415,4293,1678,383,60
"부평구",514385,17691,20114,20497,24181,31944,39504,35497,40179,37143,44251,46855,48339,39118,23652,17210,13305,8887,4185,1439,349,45,500812,15243,19152,19962,22217,30516,38676,34396,36874,36503,41477,45383,46561,41043,25958,18029,13223,9065,4557,1575,351,51
"계양구",298912,8963,11580,12366,15306,20753,23599,18593,21266,20851,26640,30065,31612,22401,11866,8373,6650,4646,2324,858,178,22,292852,7741,10763,12120,13694,19884,23269,18296,19437,20393,24963,29085,30918,24578,13620,8831,6662,4863,2552,958,205,20
"서구",540655,24302,29043,27335,27369,32318,38887,37917,48764,46024,49879,47860,44611,33179,18982,13357,9610,6493,3206,1210,275,34,541534,21798,28610,27768,26324,32176,39391,37294,46011,46533,48961,48088,44793,36200,21321,14294,9957,6763,3536,1387,291,38
"미추홀구",411612,14009,15658,14754,19465,29945,31212,26964,32250,29679,33843,33172,34814,31567,20666,17023,13042,8166,3700,1348,292,43,405886,12212,15140,14623,17586,29219,31427,26518,29851,29636,32631,32790,33516,32451,22445,17585,13349,8687,4236,1578,359,47
"강화군",65235,1379,1795,2059,2658,2368,2741,2337,2970,3175,4246,5028,6637,7193,5299,4922,4407,3420,1826,605,145,25,66020,1369,1809,2109,2326,2349,2682,2408,2841,3153,4104,4993,6481,7560,5884,5164,4464,3432,2044,663,165,20
"옹진군",19040,489,552,472,498,1154,1316,969,1074,1101,1265,1431,1985,2033,1379,1224,883,654,360,153,43,5,19292,439,498,497,486,1191,1294,941,953,1108,1236,1421,1988,2141,1574,1336,937,674,375,148,47,8
"광주광역시",1489730,55212,71975,73432,90702,117694,104600,87174,113361,114858,133073,124598,114111,92620,61784,51048,39989,25592,12598,4267,917,125,1477573,50161,70839,73754,81777,113852,106966,86109,106220,115100,128960,126078,111673,98575,66517,53351,40661,27124,13701,4988,1027,140
"동구",103754,3186,3408,2974,5451,9836,7695,6204,6784,6135,7209,7437,8146,7934,6080,5492,4688,3009,1449,500,125,12,106005,3312,3760,3160,4438,9492,8165,6538,7127,6498,7197,7771,7941,8282,6499,5632,4690,3248,1545,573,121,16
"서구",298033,9964,13425,14515,17204,21161,21377,17319,21977,22873,28108,26662,24028,19590,12946,10523,8014,4977,2354,811,178,27,294854,8949,12983,14281,15843,21159,22031,16855,20135,22540,26779,27022,23437,20665,14043,11025,8235,5272,2494,889,184,33
"남구",217972,7442,10517,10582,12809,15537,13413,11274,15751,15977,18027,17314,17373,15865,11270,9557,7408,4632,2269,764,164,27,214860,6602,10491,10849,11448,14808,13532,10825,14688,16238,17499,17074,16464,16452,11892,10002,7539,4917,2437,892,182,29
"북구",446661,16027,19383,19677,26611,37348,32959,26466,32451,31798,37414,37609,36732,30115,20131,16208,12381,7837,3934,1281,263,36,439352,14587,19252,19691,23499,34630,32880,26026,30522,31723,35940,37335,35439,32093,21656,16982,12677,8212,4342,1539,290,37
"광산구",423310,18593,25242,25684,28627,33812,29156,25911,36398,38075,42315,35576,27832,19116,11357,9268,7498,5137,2592,911,187,23,422502,16711,24353,25773,26549,33763,30358,25865,33748,38101,41545,36876,28392,21083,12427,9710,7520,5475,2883,1095,250,25
"대전광역시",1498839,54516,67447,68743,90628,124362,111165,92983,110133,110297,129472,123737,118422,100048,65580,48045,38878,26176,12719,4378,997,113,1488435,48875,66365,68533,83574,123236,113202,92626,103463,109803,125131,124672,115148,104664,71436,51259,39473,26903,14007,4921,1019,125
"동구",237273,7196,9121,9334,15249,23372,15608,12201,15765,15888,18451,18192,19064,17549,12655,9837,8518,5461,2645,941,203,23,232559,6307,8699,9168,13847,23217,15431,11746,14313,15583,17920,17956,17973,18173,13382,10385,8538,5719,2900,1055,217,30
"중구",234995,7087,9501,10151,12509,14774,15160,12221,15512,16843,20249,19908,19701,18325,13399,10987,8850,5960,2726,907,206,19,231959,6167,9041,9926,11609,14915,15476,12102,13950,16559,19443,19886,18987,18645,14292,11536,8981,6173,3016,1005,229,21
"서구",480920,17893,22170,23130,29561,38481,37232,31315,36275,36031,43006,40428,37777,31069,19738,13753,10653,7264,3579,1244,277,44,478629,16135,22115,23212,27155,38311,38416,31206,34499,36092,41453,40559,36659,32444,21564,14923,10871,7358,3936,1391,286,44
"유성구",366544,17212,19813,18517,22988,33040,30783,27679,31261,29192,31737,28204,25407,19412,11114,7185,5649,4075,2229,842,189,16,368895,15622,19921,18838,21677,33237,31631,27882,30094,29635,31143,29160,25306,20852,12611,7728,5782,4185,2456,939,179,17
"대덕구",179107,5128,6842,7611,10321,14695,12382,9567,11320,12343,16029,17005,16473,13693,8674,6283,5208,3416,1540,444,122,11,176393,4644,6589,7389,9286,13556,12248,9690,10607,11934,15172,17111,16223,14550,9587,6687,5301,3468,1699,531,108,13
"울산광역시",1143692,47359,57292,54052,58614,70145,76543,72465,93355,88494,102387,108271,103128,81602,50234,32533,23579,14188,6712,2247,450,42,1135423,42442,56827,55024,54045,67960,75712,70942,86575,90201,98136,107401,102721,86667,56099,35372,23848,15088,7394,2406,523,40
"읍부",171448,7107,9227,9312,9839,11103,11098,9846,13219,14339,17589,16655,14002,10632,6241,4139,3384,2207,1067,372,62,8,190747,7100,9692,9949,9872,11680,12024,11038,13611,15563,18725,18975,16444,13281,8390,5425,4037,2815,1501,520,98,7
"면부",55053,1450,1402,1508,2051,3014,3533,3302,3476,3089,3898,4848,5702,5505,3898,2883,2430,1697,947,354,59,7,34303,570,650,818,1172,1834,1900,1719,1718,1686,2117,2992,3679,3994,3095,2194,1772,1343,736,253,59,X
"동부",917191,38802,46663,43232,46724,56028,61912,59317,76660,71066,80900,86768,83424,65465,40095,25511,17765,10284,4698,1521,329,27,910373,34772,46485,44257,43001,54446,61788,58185,71246,72952,77294,85434,82598,69392,44614,27753,18039,10930,5157,1633,366,31
"중구",219428,7873,10253,9551,10681,12620,14159,12420,16310,15941,19247,21160,21202,17801,11714,7759,5718,3207,1324,413,65,10,214147,6859,9878,9601,9461,12024,13679,11941,14731,15961,18002,20384,20858,18417,12816,8302,5779,3433,1491,433,89,8
"남구",322135,11188,13540,13992,16929,23047,23603,19984,23721,22964,30201,32482,30314,23776,14650,9216,6368,3710,1736,578,127,9,320175,10260,13732,14065,15282,22000,23884,20540,22484,23258,28177,32170,29970,24948,16225,10030,6439,3974,1948,635,143,11
"동구",162104,7363,9091,7722,7835,8517,10061,11692,15758,13350,12873,12835,14376,12928,7696,4647,2793,1535,726,243,60,X,159000,6319,8831,8090,7295,8348,9761,10393,14298,13808,12705,12637,13495,13687,8602,5160,2896,1610,759,233,70,X
"북구",213524,12378,13779,11967,11279,11844,14089,15221,20871,18811,18579,20291,17532,10960,6035,3889,2886,1832,912,287,77,5,217051,11334,14044,12501,10963,12074,14464,15311,19733,19925,18410,20243,18275,12340,6971,4261,2925,1913,959,332,64,9
"울주군",226501,8557,10629,10820,11890,14117,14631,13148,16695,17428,21487,21503,19704,16137,10139,7022,5814,3904,2014,726,121,15,225050,7670,10342,10767,11044,13514,13924,12757,15329,17249,20842,21967,20123,17275,11485,7619,5809,4158,2237,773,157,9
"세종특별자치시",338136,21785,24398,21380,17841,20804,20867,25627,35451,32778,29517,22016,19389,16003,10237,7160,5793,4045,2154,745,125,21,353933,20858,25681,23301,18999,21654,21226,26074,34999,35241,31435,23999,20097,17376,11668,7929,5872,4178,2348,830,152,16
"읍부",50338,1531,2073,2009,3254,7733,4202,2682,3213,3283,3833,3524,3458,2922,2037,1582,1393,956,428,187,32,6,48736,1348,1962,2069,3164,6527,3874,2700,3012,3309,3701,3467,3433,3039,2330,1669,1399,989,490,208,40,6
"면부",51408,914,1047,1101,2145,4832,4167,2925,2767,2729,3374,3957,4694,4558,3353,2588,2607,2060,1159,360,58,13,52383,759,966,1068,2274,5585,4281,2889,2620,2649,3281,3903,4634,4719,3671,2800,2475,2116,1232,385,69,7
"동부",236390,19340,21278,18270,12442,8239,12498,20020,29471,26766,22310,14535,11237,8523,4847,2990,1793,1029,567,198,35,X,252814,18751,22753,20164,13561,9542,13071,20485,29367,29283,24453,16629,12030,9618,5667,3460,1998,1073,626,237,43,X
"세종시",338136,21785,24398,21380,17841,20804,20867,25627,35451,32778,29517,22016,19389,16003,10237,7160,5793,4045,2154,745,125,21,353933,20858,25681,23301,18999,21654,21226,26074,34999,35241,31435,23999,20097,17376,11668,7929,5872,4178,2348,830,152,16
"경기도",13300900,538700,648107,624707,684717,834387,953622,906611,1118336,1079145,1214187,1138512,1073487,856522,531844,405474,323247,218192,104068,37290,8600,1145,13511676,501986,652341,640423,654522,847646,980796,919054,1083739,1107785,1195611,1166575,1079402,923711,599220,427729,331533,230254,116857,41752,9426,1314
"읍부",1459827,58133,73718,72535,76183,87035,98256,96005,123022,122115,132395,120340,113766,94282,60744,48234,38956,26523,12238,4230,984,133,1488992,53887,73423,74263,73933,89199,100687,96122,118449,125657,133117,125376,116043,101929,68792,50691,39932,27735,13803,4737,1077,140
"면부",807497,18536,22975,22468,34784,49497,65371,56854,54872,48669,55694,63169,73782,71139,49041,39464,34470,26562,13620,5120,1256,154,810588,17606,23059,23404,33064,46008,62131,55476,52670,49646,54434,62959,73680,75799,55256,40774,34975,27270,15138,5640,1402,197
"동부",11033576,462031,551414,529704,573750,697855,789995,753752,940442,908361,1026098,955003,885939,691101,422059,317776,249821,165107,78210,27940,6360,858,11212096,430493,555859,542756,547525,712439,817978,767456,912620,932482,1008060,978240,889679,745983,475172,336264,256626,175249,87916,31375,6947,977
"수원시",1214986,48932,57128,55850,66045,87552,100619,89557,102824,98501,110074,105898,97235,71114,42578,31033,23779,15625,7337,2649,586,70,1210150,43415,56165,55966,61253,87071,102107,89116,97263,98782,106400,106244,96870,76551,47263,32681,24497,16456,8253,3029,682,86
"장안구",282288,8656,11791,13402,17342,23784,22181,16162,19259,21203,26419,26370,23719,17664,10954,8449,6865,4728,2266,865,187,22,278507,7487,11223,13051,15827,23412,22391,15997,17777,20542,25001,26405,23556,18977,12039,8851,7111,4952,2624,1034,229,21
"권선구",374770,16941,18314,15911,17440,23795,29601,28720,34518,30214,32260,33144,31800,23604,13908,9779,7063,4642,2188,756,149,23,373381,15084,18222,16124,16432,23655,29910,27999,32539,30914,31510,32552,31598,25429,15531,10265,7254,4871,2427,858,180,27
"팔달구",189052,5262,5983,6271,8216,12178,16187,14226,14441,13922,17009,17316,17764,14208,9095,6638,5155,3191,1361,495,125,9,187922,4712,5603,6111,7483,12238,16735,14305,13561,13585,16083,17317,17425,14795,9949,6979,5283,3425,1588,569,160,16
"영통구",368876,18073,21040,20266,23047,27795,32650,30449,34606,33162,34386,29068,23952,15638,8621,6167,4696,3064,1522,533,125,16,370340,16132,21117,20680,21511,27766,33071,30815,33386,33741,33806,29970,24291,17350,9744,6586,4849,3208,1614,568,113,22
"성남시",919895,31739,38681,39714,46131,56635,68939,64321,73050,71199,85453,79566,77333,64629,41024,31546,23896,15327,7262,2750,627,73,922025,29298,38713,40191,43427,57930,70380,64612,70293,71977,81842,80550,75099,67796,45234,32736,24313,15977,7919,2997,650,91
"수정구",241256,7870,8446,7798,10260,16724,18917,17028,19136,17672,20402,20717,22129,18972,12626,9341,6849,3953,1645,620,138,13,249044,7710,8501,7998,9710,17096,20003,17800,19294,18194,20136,21587,22063,20567,14231,9997,7119,4251,1890,704,161,32
"중원구",216005,6629,7480,7678,9547,13619,17122,15025,16885,15362,18461,19338,20302,17297,11068,8316,6088,3552,1538,549,131,18,211880,5985,7193,7414,8630,13120,17470,14978,15761,15187,17228,18729,19118,18043,11981,8642,6220,3763,1657,612,133,16
"분당구",462634,17240,22755,24238,26324,26292,32900,32268,37029,38165,46590,39511,34902,28360,17330,13889,10959,7822,4079,1581,358,42,461101,15603,23019,24779,25087,27714,32907,31834,35238,38596,44478,40234,33918,29186,19022,14097,10974,7963,4372,1681,356,43
"의정부시",440357,15793,19295,19246,22594,28866,30797,25975,33246,32450,40247,39209,37656,30826,19807,16327,13486,8857,3964,1382,294,40,449572,14751,19433,19490,21445,29635,32438,26886,32352,33279,39368,40278,37848,33385,22142,17089,13802,9551,4473,1550,331,46
"안양시",557339,19759,22631,24242,28888,36935,41083,37953,42032,40438,50321,50517,50808,41332,24731,17217,13162,8955,4472,1513,315,35,542336,17411,21864,23978,26626,35752,39787,36781,38990,39538,46992,49284,47908,42994,27172,17973,13304,9072,4849,1664,356,41
"만안구",246200,8436,8538,8418,11303,17056,18810,16814,18408,16451,20054,22039,23753,20035,12560,8950,6894,4560,2184,748,172,17,240986,7491,8284,8348,10127,16156,18535,16496,17039,16330,18790,21560,22555,20921,13719,9384,7105,4684,2436,805,200,21
"동안구",311139,11323,14093,15824,17585,19879,22273,21139,23624,23987,30267,28478,27055,21297,12171,8267,6268,4395,2288,765,143,18,301350,9920,13580,15630,16499,19596,21252,20285,21951,23208,28202,27724,25353,22073,13453,8589,6199,4388,2413,859,156,20
"부천시",836751,29413,33861,33172,38921,54118,63649,58527,67180,61213,72066,74657,79668,65358,38257,25426,18969,12778,6456,2433,551,78,833148,26598,32640,32907,36219,52859,63852,58101,63893,61531,69116,73825,77655,70063,43030,27565,19438,13301,7172,2709,583,91
"광명시",313462,11431,14481,15079,16676,18145,20438,20346,25369,25473,29280,27176,26112,22909,14478,10140,7734,4885,2379,732,169,30,298116,10001,13635,14553,15065,17684,19233,19203,22610,24197,27439,26043,24457,22719,15260,10255,7471,4827,2465,808,170,21
"평택시",521172,22759,26128,24937,26556,32704,39288,38630,45770,43887,47819,43989,39520,29854,18588,14347,12231,8775,3788,1276,284,42,542522,22397,27296,26306,25614,33862,41736,40591,46331,46280,48447,46192,40896,32879,20933,15220,12388,9101,4309,1398,312,34
"동두천시",96541,3021,4076,4139,5233,5755,5897,5195,6473,6785,8214,8126,7997,7159,4824,4490,4246,2945,1318,521,105,22,95239,2614,3815,4147,4314,5509,5998,5015,6014,6551,7894,8240,7930,7562,5369,4621,4222,3184,1505,583,126,26
"안산시",714650,23281,27371,29724,39309,54175,59855,50375,54220,54561,69730,72639,65167,44645,23966,16285,13218,9504,4593,1626,359,47,717345,21814,27035,29215,36545,54100,60614,51388,52347,54105,66624,72671,66311,49438,27146,17498,13380,9792,5129,1747,390,56
"상록구",356620,11385,13765,15089,20709,29489,29715,22469,25115,26232,34441,36286,32256,22123,12081,8930,7541,5311,2551,881,220,31,359979,10572,13906,15028,19292,29441,30566,23103,24237,26211,33064,36720,33083,24615,13726,9349,7606,5504,2744,957,225,30
"단원구",358030,11896,13606,14635,18600,24686,30140,27906,29105,28329,35289,36353,32911,22522,11885,7355,5677,4193,2042,745,139,16,357366,11242,13129,14187,17253,24659,30048,28285,28110,27894,33560,35951,33228,24823,13420,8149,5774,4288,2385,790,165,26
"고양시",1024645,37009,46070,47198,53762,62954,72213,62250,76174,79305,101101,96698,89996,67254,38496,31558,28139,20479,9814,3329,743,103,1045497,34682,46391,48005,51448,65259,74686,64528,74940,80075,97465,98934,90993,73760,44243,33049,28564,22017,11461,4033,853,111
"덕양구",448571,17592,20482,18805,20976,26723,31275,28880,35802,34752,41030,39954,38920,30719,18713,15535,13353,9183,4141,1395,304,37,460881,16964,21013,19350,20009,27159,32274,30259,35861,35856,40386,40925,39520,33431,21433,16204,13569,9881,4755,1648,336,48
"일산동구",287041,9275,11975,13027,15444,18260,21871,17592,20404,22104,29452,27911,25877,18646,10188,7881,7340,5576,2892,1048,242,36,292616,8461,12032,13285,14862,19069,22639,18024,19666,22120,28070,28756,25851,20588,11639,8520,7489,6180,3638,1369,327,31
"일산서구",289033,10142,13613,15366,17342,17971,19067,15778,19968,22449,30619,28833,25199,17889,9595,8142,7446,5720,2781,886,197,30,292000,9257,13346,15370,16577,19031,19773,16245,19413,22099,29009,29253,25622,19741,11171,8325,7506,5956,3068,1016,190,32
"과천시",53830,1856,2412,2674,3062,3366,3588,3365,3709,3623,5066,5051,4728,3791,2361,1769,1509,1073,536,230,51,10,58018,2114,2669,2756,3008,3809,3982,3769,4174,3961,4898,5423,5012,4239,2718,1957,1514,1109,601,239,58,8
"구리시",192270,7381,8797,8436,9534,12189,13353,11614,15465,14920,17599,17800,17266,13420,8301,6227,4942,3058,1426,429,98,15,192051,6558,8617,8404,8909,12324,13724,11605,14430,15050,16930,17853,16991,14367,9293,6500,5005,3281,1571,521,101,17
"남양주시",681077,28381,38307,36928,36126,39067,38864,36336,55827,59562,65232,57412,53118,44284,29598,23576,18713,11768,5420,2005,476,77,696033,26247,38218,38164,35900,40887,40820,36607,52798,61013,65387,60059,53547,47371,33099,24843,19382,12698,6130,2242,543,78
"오산시",233998,11606,14248,12465,11918,13646,16791,18626,24644,21955,21358,18299,15755,11867,7185,5261,4154,2667,1097,366,73,17,240645,10661,14162,12953,11764,13967,17745,18879,23952,23196,21889,19091,16300,13170,8242,5612,4385,2843,1285,450,86,13
"시흥시",508749,23169,25491,23747,25632,33090,38078,38982,48299,44464,48683,47346,41028,27875,14894,10157,8151,5675,2704,1020,224,40,535147,22961,27271,24981,24649,33730,40033,41461,49369,47836,49295,49466,43532,32026,17919,11326,8575,6242,3041,1139,256,39
"군포시",275154,10420,12299,12356,14136,16743,19818,19192,21699,20773,25289,24605,24635,19335,10991,8042,6479,4709,2482,903,220,28,275571,9294,11737,12311,13327,17142,20277,19011,20522,20766,24166,24932,24333,21181,12593,8522,6598,4866,2730,986,241,36
"의왕시",155826,5848,6813,6517,8427,10416,10958,9706,11414,10853,13348,14277,14712,12181,6920,4920,3814,2651,1416,499,120,16,160230,5882,7077,6666,7935,10871,11866,10521,11686,11109,12872,14408,14630,12935,8001,5152,3786,2675,1508,521,111,18
"하남시",260544,13605,15290,11721,10280,12629,16831,18862,26749,23357,21529,19242,19993,18283,12246,8695,5481,3314,1599,648,172,18,279795,13148,16256,12879,10529,13891,19688,20913,27377,26184,22842,20338,20030,19747,14029,9539,5973,3663,1847,714,179,29
"용인시",1052529,45079,58542,57826,61252,71706,67302,62820,88206,92183,102228,84906,70876,56825,40995,35154,27469,17073,8157,3101,741,88,1066975,41545,58248,59099,59716,73380,68523,62907,83763,93263,101217,89226,73066,60636,44881,36773,28606,18510,9214,3465,814,123
"처인구",266647,10021,12283,11813,16783,21119,19017,16919,21520,20799,22694,21737,20650,16832,11312,8429,6706,4625,2342,845,178,23,268242,9085,12111,12060,15726,21116,19262,16515,20468,21143,22689,22073,21002,18245,12566,8825,6870,4723,2589,937,210,27
"기흥구",434075,19500,25667,24860,24256,29975,27331,25373,37277,38974,43339,34570,27635,22315,16147,14124,10975,6786,3280,1326,326,39,434871,17529,24896,25013,23241,29349,27446,24952,34271,38874,42447,36748,28902,23703,17668,14850,11557,7654,3806,1536,369,60
"수지구",351807,15558,20592,21153,20213,20612,20954,20528,29409,32410,36195,28599,22591,17678,13536,12601,9788,5662,2535,930,237,26,363862,14931,21241,22026,20749,22915,21815,21440,29024,33246,36081,30405,23162,18688,14647,13098,10179,6133,2819,992,235,36
"파주시",454328,20056,25025,23345,23252,25405,32724,33047,39560,36785,41226,35587,32433,26608,16776,14641,12891,8846,4180,1551,339,51,460541,18758,25314,24344,22915,24927,31706,31637,38300,38405,41036,37649,33492,28645,19019,15076,13065,9424,4728,1677,368,56
"이천시",222995,9058,10914,10490,13254,13994,18229,16376,17739,17094,18247,17676,17318,14044,8925,6745,5785,4191,2024,720,153,19,226212,8131,10818,10636,12754,14691,19197,16469,17195,17422,17796,18154,17328,15161,10070,7023,5797,4333,2284,740,194,19
"안성시",202284,6698,8722,8724,11838,15198,13779,13024,16010,15323,16664,16028,15752,13624,9352,7083,6127,4800,2494,797,221,26,203030,6047,8557,8791,10614,14380,14164,13041,15225,15734,16528,16515,15803,14707,10419,7454,6148,4992,2723,926,235,27
"김포시",442910,23584,28110,22807,19496,21143,28860,32243,46225,42188,38418,32436,30629,25965,17088,13531,9832,6244,2867,999,222,23,474546,23616,30581,25177,19798,22649,30801,34407,47968,46904,40994,35010,31715,28545,19844,14708,10509,6658,3310,1091,232,29
"화성시",838635,48850,56597,48304,41307,45341,61020,72409,93373,82864,74479,59037,50059,37394,23325,16810,12599,8795,4309,1400,324,39,880859,46767,58774,52160,41730,48308,65594,75121,92331,88943,77818,64074,53043,41902,26856,18341,13095,9267,4760,1575,359,41
"광주시",375238,17627,18493,15712,17135,21296,25089,27261,36692,31381,32563,30639,29939,26087,16463,11785,8468,5100,2373,887,216,32,385141,16286,19036,16336,16322,21858,25927,26693,35235,33321,33044,32041,30690,28185,18940,12730,8946,5550,2724,1012,230,35
"양주시",224684,8617,11133,11221,11514,13078,14412,13154,17094,17875,20839,18735,17639,15497,10040,8614,6981,4754,2314,887,249,37,233286,8450,11394,11715,11575,13755,14864,13725,16690,18436,21198,19645,18049,16751,11504,8960,7440,5077,2713,1031,274,40
"포천시",159871,4170,5221,5650,7198,11664,12969,10687,10218,10319,12706,14209,14975,13278,7658,6469,5512,4110,1900,726,206,26,157939,3760,4912,5512,6599,10672,12640,10618,9729,9921,12184,13829,14940,14333,8776,6566,5479,4282,2151,784,223,29
"여주시",111981,3364,4298,4474,5550,6667,6830,6000,7288,7317,8739,9465,10210,9475,6731,5093,4665,3390,1684,580,153,8,113352,3079,4288,4470,5260,6712,6889,5883,6909,7489,8592,9465,10214,10108,7749,5210,4780,3494,1889,697,152,23
"연천군",42540,1429,1484,1429,1649,2272,3094,2259,2285,2192,2803,3255,3904,4050,2678,2602,2330,1743,737,273,65,7,42278,1287,1440,1427,1541,2268,3091,2241,2174,2172,2696,3074,3826,4123,3017,2604,2292,1787,853,290,69,6
"가평군",59823,1627,1954,2098,2838,2748,3027,2783,3250,3434,4316,5043,6078,6253,4254,3367,3028,2244,1021,362,87,11,60233,1488,1847,2284,2649,2806,3130,2702,3016,3419,4169,5004,5967,6558,4902,3357,3078,2260,1136,358,86,17
"양평군",111836,3138,4235,4482,5204,4890,5228,4736,6252,6871,8550,8989,10948,11306,8314,6564,5457,3857,1945,696,157,17,113844,2926,4138,4600,5072,4958,5304,4623,5863,6926,8473,9058,10927,11874,9557,6789,5701,3965,2124,776,162,28
"강원도",1520127,47941,60559,63115,79998,102735,87962,76364,95332,99749,122187,125605,137387,128720,84543,68564,64630,44795,20161,7729,1805,246,1521763,45588,59507,63319,72734,99186,89166,76486,90838,100087,118985,128191,132525,136174,96073,68023,64713,47478,21950,8481,2005,254
"읍부",256203,8174,9942,10339,13485,15354,14298,12730,15377,16230,19679,20678,23525,22170,15018,12925,12539,8243,3685,1420,346,46,253717,7566,9423,10189,12223,15241,14173,12186,14041,15908,19081,20975,22505,23341,16935,12714,12445,8873,3901,1555,394,48
"면부",350394,9034,10786,10321,13315,21026,19012,15869,18466,18039,22113,27239,36090,37469,25397,20490,20336,15126,6818,2667,685,96,353843,8983,10925,10800,12342,18599,18331,16146,18216,18691,21979,27386,34852,40019,29313,20196,20055,15863,7479,2835,741,92
"동부",913530,30733,39831,42455,53198,66355,54652,47765,61489,65480,80395,77688,77772,69081,44128,35149,31755,21426,9658,3642,774,104,914203,29039,39159,42330,48169,65346,56662,48154,58581,65488,77925,79830,75168,72814,49825,35113,32213,22742,10570,4091,870,114
"춘천시",284753,9613,12368,12407,17240,23723,18553,15734,19162,18912,22926,22818,23453,21123,13079,10748,10329,7441,3389,1382,313,40,284645,9303,12311,12562,15146,22096,19095,16117,18523,19293,22380,23358,22996,21899,15230,10424,10373,7868,3759,1504,364,44
"원주시",349319,12563,15939,16791,20696,26084,22186,20179,25104,25768,30562,29888,29471,24873,14984,10918,10505,7631,3587,1275,273,42,352429,12196,15924,17207,18437,24667,22886,20684,24497,26318,30077,30627,29101,27216,17199,11068,10501,8064,3935,1460,314,51
"강릉시",216357,6017,7898,8652,12966,18256,12226,9580,12669,14270,17767,17264,18779,17941,12326,10269,8986,6130,2880,1159,283,39,216542,5674,7740,8650,11764,17890,12698,9686,12065,14172,17297,17889,17903,18893,13733,10127,9121,6533,3094,1268,298,47
"동해시",86780,2882,3995,4137,4115,3919,4141,3942,5756,6511,7963,7498,7774,7322,5114,4073,3726,2351,1115,352,88,6,87801,2744,3949,4102,3991,4022,4230,3942,5519,6503,7847,7812,7436,7746,5735,4164,3826,2478,1237,405,105,8
"태백시",42474,1156,1715,1804,1966,1807,1529,1574,2635,3076,3535,3701,3974,4133,3111,2544,2205,1342,483,146,36,X,41494,1014,1600,1809,1821,1811,1497,1536,2280,3024,3383,3674,3667,4170,3316,2567,2181,1400,532,175,34,X
"속초시",78643,2650,3254,3297,3676,3616,4170,4050,5226,5450,6975,7193,7676,6932,4361,3609,3034,2003,903,474,84,10,80054,2500,3339,3379,3403,3791,4372,4166,5100,5558,6689,7450,7427,7337,5044,3604,3152,2191,953,492,100,7
"삼척시",67210,1825,2246,2326,3610,6181,3219,2747,3620,4054,4969,5218,6081,5856,4245,3581,3416,2385,1165,387,73,6,65939,1676,2120,2259,3374,5913,3219,2625,3248,3877,4806,5296,5660,6108,4551,3620,3366,2444,1282,407,79,9
"홍천군",66634,1782,2218,2451,2814,2863,3362,3080,3552,3606,4602,5496,7034,7345,4713,3657,3496,2757,1260,429,100,17,66587,1648,2077,2299,2650,3109,3400,2927,3244,3575,4396,5454,6782,7622,5447,3685,3419,2866,1367,484,119,17
"횡성군",44431,1014,1251,1447,2160,2117,1874,1685,2009,2072,2868,3659,4828,5178,3499,2754,2642,2017,915,348,79,15,44649,931,1200,1424,2079,2077,1790,1581,1938,2081,2733,3654,4603,5626,4033,2749,2638,2063,958,390,89,12
"영월군",36332,714,1047,1145,1579,1574,1311,1257,1608,1886,2704,3191,3925,4057,2992,2329,2414,1630,686,225,50,8,36282,685,996,1116,1485,1549,1315,1188,1525,1809,2575,3224,3738,4287,3321,2335,2331,1735,763,246,57,X
"평창군",39657,858,1170,1347,1373,1428,1665,1511,1924,2252,2997,3560,4419,4590,3087,2550,2282,1673,646,240,72,13,39258,775,1080,1298,1272,1466,1525,1349,1695,2161,2913,3522,4151,4853,3532,2498,2311,1808,714,254,70,11
"정선군",35255,754,1127,1193,1168,1195,1366,1648,2091,2243,2696,3086,3784,3847,2639,2175,2119,1288,567,199,62,8,34524,706,1022,1203,1125,1145,1217,1379,1732,2112,2612,3105,3516,4116,2973,2177,2079,1407,599,218,76,5
"철원군",43520,1694,1701,1766,1855,2560,3209,2451,2534,2596,3124,3309,3853,3544,2376,2381,2297,1394,551,260,55,10,43042,1665,1650,1731,1716,2412,3155,2342,2432,2571,2997,3291,3654,3727,2665,2271,2307,1549,561,278,60,8
"화천군",23425,967,920,834,867,1339,2117,1498,1359,1248,1448,1737,2108,1963,1276,1149,1264,827,343,120,36,5,23733,885,910,833,795,1545,2098,1579,1302,1223,1413,1750,2046,2085,1494,1120,1212,892,364,142,40,5
"양구군",21780,956,937,837,1104,1210,1809,1341,1379,1184,1383,1541,1993,1819,1104,934,1081,696,320,114,34,X,21317,856,862,824,1050,1199,1642,1317,1256,1146,1329,1537,1896,1938,1280,906,1057,747,334,107,30,X
"인제군",30133,1316,1294,1149,903,1576,2223,1864,2075,1842,1996,2247,2993,2765,1662,1331,1352,935,396,161,47,6,30147,1231,1250,1140,878,1507,2208,1877,1948,1847,1997,2240,2872,2925,1975,1258,1354,978,423,187,48,X
"고성군",27144,600,703,723,1050,2287,1903,1172,1242,1263,1796,2012,2544,2637,1874,1725,1707,1135,479,227,57,8,26572,539,708,677,877,1967,1692,1167,1187,1274,1697,2029,2476,2709,2143,1661,1711,1222,531,240,58,7
"양양군",26280,580,776,809,856,1000,1099,1051,1387,1516,1876,2187,2698,2795,2101,1837,1775,1160,476,231,63,7,26748,560,769,806,871,1020,1127,1024,1347,1543,1844,2279,2601,2917,2402,1789,1774,1233,544,224,64,10
"충청북도",1629343,58676,71263,70241,87200,115325,107289,96888,115928,113640,130855,137475,135596,121813,80612,60669,56436,41700,19575,6560,1427,175,1632088,54135,70381,71406,80349,112671,110612,96749,111096,114380,128136,137809,135185,128155,89589,62384,56045,42272,21740,7230,1556,208
"읍부",349009,16312,18313,16491,18035,21436,22507,23709,29316,26827,27870,26888,25860,23039,15545,11974,11125,8186,3980,1284,282,30,350910,14787,18170,17051,16826,20711,23076,23684,28071,27797,27891,27585,25956,24285,17312,12418,10968,8267,4362,1377,282,34
"면부",338833,7908,8904,8599,12423,18848,18783,17490,18459,17267,20914,27703,33668,35122,25150,19697,20174,16415,7964,2698,566,81,339989,7321,8790,8770,11193,18614,19453,17409,17740,17084,20274,27001,33357,36659,27774,20088,19614,16321,8864,2964,603,96
"동부",941501,34456,44046,45151,56742,75041,65999,55689,68153,69546,82071,82884,76068,63652,39917,28998,25137,17099,7631,2578,579,64,941189,32027,43421,45585,52330,73346,68083,55656,65285,69499,79971,83223,75872,67211,44503,29878,25463,17684,8514,2889,671,78
"충주시",216446,6780,8508,8756,11719,16579,13389,11526,13940,14234,17202,18688,18957,17200,11381,8696,8590,6267,2907,906,203,18,218412,6299,8339,8890,10682,16672,14963,11804,13375,14145,16729,18512,18787,18144,12750,8760,8460,6487,3287,1062,240,25
"제천시",136093,4069,5185,5396,7972,10358,7030,6089,7743,8147,10536,11819,12338,12269,8483,6203,5919,4057,1755,561,142,22,134768,3691,5021,5385,6983,10153,7034,5918,7318,8032,10159,11750,11949,12819,9372,6311,5940,4204,1911,651,149,18
"청주시",850938,35288,42151,40807,48529,63848,62967,56718,67374,64670,71955,71502,65421,54549,33973,24650,21154,15187,7130,2467,539,59,855326,32812,42103,41559,45313,62452,65055,56904,65033,65564,70839,72195,65911,57707,38039,25630,21369,15448,8013,2716,587,77
"상당구",173783,6187,8476,8466,10198,11025,10484,8792,11879,12730,15453,16020,14935,12645,8299,6181,5489,3948,1792,644,127,13,184787,6650,9267,9162,9985,11574,11516,9907,12595,13714,15859,16764,15772,13731,9461,6465,5540,3979,1955,742,128,21
"서원구",210273,6943,9161,9931,13163,19424,14980,11744,14170,14902,18109,18374,17054,14420,9024,6592,5603,3987,1860,673,145,14,202390,5820,8364,9511,11773,18089,14874,11018,12676,14057,16965,18024,16551,15069,9899,6832,5686,4117,2160,721,165,19
"흥덕구",266301,11605,13208,12545,14242,19467,22728,20291,22416,20788,22848,22486,20281,15872,9484,6488,5264,3776,1796,567,133,16,270590,11181,13330,12882,13623,19266,23861,21059,22181,21141,22501,22918,20461,16862,10630,6795,5371,3704,2034,621,156,13
"청원구",200581,10553,11306,9865,10926,13932,14775,15891,18909,16250,15545,14622,13151,11612,7166,5389,4798,3476,1682,583,134,16,197559,9161,11142,10004,9932,13523,14804,14920,17581,16652,15514,14489,13127,12045,8049,5538,4772,3648,1864,632,138,24
"보은군",32001,705,863,956,1180,1207,1195,1173,1399,1426,2011,2571,3253,3564,2606,2165,2312,1981,988,380,57,9,31543,637,819,946,1111,1194,1130,1045,1293,1374,1876,2473,3222,3633,2857,2246,2191,1942,1081,388,75,10
"옥천군",49117,1095,1667,1781,1953,2336,1999,1759,2531,2739,3440,4088,4832,4891,3946,2974,2999,2327,1254,413,84,9,48868,1004,1586,1818,1845,2310,1970,1720,2291,2703,3378,4059,4671,5148,4176,3191,2930,2207,1331,441,81,8
"영동군",48004,1187,1385,1447,2296,3278,1981,1706,2013,2303,3134,3861,4525,4751,3622,3084,3248,2527,1133,424,94,5,47016,1061,1290,1480,1997,3219,1904,1536,1812,2187,2989,3761,4388,4855,3914,3191,3150,2482,1264,428,93,15
"진천군",87525,3699,4269,3880,4287,4846,5936,6263,7783,7061,6981,7129,6854,5692,3798,2851,2570,2224,984,338,75,5,89514,3527,4413,4155,4045,4798,6050,6381,7619,7425,7147,7305,7028,6118,4225,2902,2544,2252,1142,352,78,8
"괴산군",38808,581,785,901,1861,3170,1675,1334,1544,1617,2190,3086,3960,4387,3219,2605,2590,1980,962,280,64,17,38093,518,736,923,1539,2716,1613,1292,1418,1579,2100,3042,3871,4583,3535,2619,2550,2046,1028,302,68,15
"음성군",104823,3069,3753,3689,4642,6345,7535,7071,7554,7387,8471,9134,9328,8433,5458,4113,3915,2873,1449,489,99,16,103725,2641,3541,3706,4172,5845,7372,6945,7133,7349,8196,9225,9413,8825,6165,4214,3846,2887,1578,537,114,21
"단양군",28095,537,720,951,1055,965,1097,931,1191,1339,2000,2502,3169,3366,2298,1971,1862,1329,587,173,43,9,27640,470,684,876,1024,958,1014,912,1083,1316,1837,2427,3022,3459,2550,1960,1799,1358,630,209,46,6
"증평군",37493,1666,1977,1677,1706,2393,2485,2318,2856,2717,2935,3095,2959,2711,1828,1357,1277,948,426,129,27,6,37183,1475,1849,1668,1638,2354,2507,2292,2721,2706,2886,3060,2923,2864,2006,1360,1266,959,475,144,25,5
"충청남도",2188649,82712,100919,97767,118253,146308,136534,137629,167421,158686,175448,169756,172052,148630,106388,85117,78007,62787,31609,10102,2229,295,2176636,75539,99473,99816,107031,138808,135452,134317,158471,161373,172495,170448,170461,157804,115488,91342,76790,62494,35174,11183,2327,350
"읍부",509047,18843,23794,23902,29307,31590,28611,29719,38034,37678,42343,40036,40436,35493,25882,20931,18292,14230,7023,2297,539,67,505174,16989,23342,24368,26634,30370,28244,28549,35340,38002,41622,40475,39938,37633,27909,22364,18166,14211,7868,2528,545,77
"면부",671818,16539,20740,20352,28494,42017,36906,35488,39760,37846,43972,48420,59281,58976,46583,39015,39301,33840,17552,5413,1172,151,654427,14785,19933,20757,24024,35667,33820,32632,36928,37507,42659,47388,57187,61769,49877,41680,38003,33127,19297,6003,1207,177
"동부",1007784,47330,56385,53513,60452,72701,71017,72422,89627,83162,89133,81300,72335,54161,33923,25171,20414,14717,7034,2392,518,77,1017035,43765,56198,54691,56373,72771,73388,73136,86203,85864,88214,82585,73336,58402,37702,27298,20621,15156,8009,2652,575,96
"천안시",679743,30225,34969,32946,40851,55397,52281,52218,60911,54905,58466,54474,49104,36006,21792,15825,13113,9536,4676,1623,380,45,682199,28088,34953,33598,36766,52798,53900,52908,58958,56404,57623,55298,49672,39189,24508,17062,13138,9909,5243,1728,399,57
"동남구",279153,9705,12369,12745,18703,26014,19668,16945,20907,21233,23473,22784,22295,17364,11121,8114,6862,5137,2573,893,222,26,273764,8753,12110,12700,16054,23310,19551,16681,19539,21124,22923,22838,22130,18745,12333,8702,6870,5317,2869,961,219,35
"서북구",400590,20520,22600,20201,22148,29383,32613,35273,40004,33672,34993,31690,26809,18642,10671,7711,6251,4399,2103,730,158,19,408435,19335,22843,20898,20712,29488,34349,36227,39419,35280,34700,32460,27542,20444,12175,8360,6268,4592,2374,767,180,22
"공주시",109877,2591,3501,3724,7027,9086,5911,4848,5655,6021,7496,8553,10072,9668,7018,5519,5356,4451,2442,761,154,23,108333,2335,3392,3729,6231,8191,5924,4761,5254,5974,7211,8389,9840,9976,7717,5974,5278,4440,2676,848,159,34
"보령시",99320,2764,3754,3896,3804,4944,4991,4905,6190,6498,7797,7928,9160,8806,6807,5618,4987,3906,1815,595,140,15,99088,2540,3586,3869,3765,4850,4990,4761,5813,6484,7669,7848,8896,9062,7359,6021,4890,3855,2031,641,136,22
"아산시",347032,16471,19820,17499,20380,24914,24351,26954,33747,29554,28983,24928,22425,17627,11854,9266,8019,6160,2967,878,203,32,340518,14751,19559,18244,17561,23243,22636,24700,31467,30782,28700,25615,22568,18992,13021,9884,7974,6242,3307,1038,202,32
"서산시",175204,7403,8766,8309,8558,9016,10193,10944,13460,13269,14729,14346,14144,11607,8466,7006,6221,5013,2668,848,204,34,176379,6849,8761,8669,8003,9183,10266,10782,12722,13594,14646,14480,14035,12667,8955,7539,6161,4921,2979,914,224,29
"논산시",122111,3477,4239,4698,6917,7860,6755,5910,6837,7090,8750,9263,10568,10449,7832,6279,6229,5202,2637,896,191,32,119707,3121,4123,4677,6071,6963,6574,5830,6312,6914,8515,9012,10219,10876,8421,6675,6073,5129,2981,984,201,36
"계룡시",41153,1623,2515,2996,2768,2268,1909,1682,3040,3694,4723,3782,3009,2463,1560,1075,829,683,367,137,26,X,40854,1444,2405,2983,2641,2303,1893,1662,2790,3682,4574,3863,2989,2605,1793,1136,848,668,399,143,30,X
"당진시",169171,7715,9001,7856,7364,8271,9709,11613,14688,13125,13592,12968,12976,11207,8010,6527,6019,5099,2440,764,209,18,168955,6863,8883,8170,7151,8120,9306,11101,13850,13528,13662,12935,13070,11908,8553,7102,5841,5058,2735,892,200,27
"금산군",54442,1096,1677,2072,3033,4285,2544,2072,2578,2853,3621,4036,4869,4816,3951,3258,3271,2672,1271,379,80,8,53758,1019,1527,2090,2848,4088,2441,1937,2402,2754,3496,4027,4688,5094,4224,3450,3147,2622,1398,414,82,10
"부여군",65337,1260,1820,2140,2559,3166,2730,2347,2788,3168,4253,4855,6230,6728,5329,4533,4534,3918,2106,732,124,17,64207,1106,1761,2055,2375,3035,2615,2228,2583,3029,4037,4665,5860,6930,5611,4806,4443,3773,2322,802,146,25
"서천군",51826,990,1441,1539,1976,1989,2142,1906,2320,2583,3458,3768,4673,5147,4416,3896,3794,3276,1794,591,111,16,51039,901,1357,1498,1859,1849,2091,1791,2086,2508,3249,3689,4511,5178,4668,4142,3708,3221,1911,684,119,19
"청양군",30783,535,784,814,1309,1705,1272,1131,1197,1369,1863,2336,3049,3121,2505,2151,2201,2030,1048,304,51,8,30103,503,744,837,1054,1401,1214,1096,1138,1307,1742,2237,2943,3276,2652,2303,2127,1964,1169,332,58,6
"홍성군",102791,3597,4486,4606,6005,6515,5252,5186,6663,6777,7833,7574,8395,7586,5920,4932,4689,4022,1988,599,145,21,102757,3314,4449,4779,5370,6385,5293,5069,6360,6732,7858,7557,8229,7970,6410,5307,4576,3958,2272,699,153,17
"예산군",78963,1580,2290,2560,3428,4044,3793,3350,3987,4278,5676,6239,7638,7430,6001,4921,4924,4088,2029,566,126,15,77838,1434,2170,2583,3209,3708,3609,3226,3662,4154,5414,6118,7326,7768,6387,5330,4757,4026,2207,604,119,27
"태안군",60896,1385,1856,2112,2274,2848,2701,2563,3360,3502,4208,4706,5740,5969,4927,4311,3821,2731,1361,429,85,7,60901,1271,1803,2035,2127,2691,2700,2465,3074,3527,4099,4715,5615,6313,5209,4611,3829,2708,1544,460,99,6
"전라북도",1807423,58372,77840,79205,101942,124548,103749,89313,114218,120833,147802,146460,149653,133798,100965,84975,75849,56799,29195,9625,2007,275,1802766,52412,76371,80415,93811,123972,105427,88247,107281,120614,143786,148011,145176,141250,106800,91573,74973,57322,32039,10844,2118,324
"읍부",156875,5428,7302,7210,9288,9737,7790,7285,9773,10363,12118,11895,12261,11603,9020,7898,7360,5996,3140,1137,239,32,157265,4933,7026,7432,8652,10016,7903,7046,9085,10556,11971,12151,11923,12236,9566,8452,7199,6026,3537,1264,252,39
"면부",363012,6859,8550,8972,11911,15622,15019,13118,14769,15802,21671,27718,35242,36734,31076,28673,29997,24178,12357,3868,779,97,358481,5915,8113,9201,10698,14231,14236,12381,13559,15282,20876,27296,33894,38829,32528,30415,28839,23786,13294,4192,790,126
"동부",1287536,46085,61988,63023,80743,99189,80940,68910,89676,94668,114013,106847,102150,85461,60869,48404,38492,26625,13698,4620,989,146,1287020,41564,61232,63782,74461,99725,83288,68820,84637,94776,110939,108564,99359,90185,64706,52706,38935,27510,15208,5388,1076,159
"전주시",662086,24032,32078,32715,42466,53428,44473,37084,46676,48721,58255,54650,51645,41987,30014,23453,18403,12845,6441,2186,454,80,666517,22123,32160,33296,39317,54371,46183,37829,44866,49284,56882,55543,50361,44669,31757,25630,18641,13228,7261,2533,502,81
"완산구",341123,10694,14801,15998,22937,27144,22668,18230,22103,23718,30528,29461,28171,23259,16563,12737,9887,6982,3650,1269,269,54,342896,10074,14731,16003,21064,27669,23693,18692,21303,23667,29397,29747,27590,24604,17535,13987,10077,7142,4110,1471,291,49
"덕진구",320963,13338,17277,16717,19529,26284,21805,18854,24573,25003,27727,25189,23474,18728,13451,10716,8516,5863,2791,917,185,26,323621,12049,17429,17293,18253,26702,22490,19137,23563,25617,27485,25796,22771,20065,14222,11643,8564,6086,3151,1062,211,32
"군산시",270635,9527,13004,12331,14963,18242,14823,14339,19945,20205,23831,21460,21597,19805,14572,11731,9363,6235,3335,1071,225,31,269023,8332,12727,12633,13685,17954,14991,13858,18537,20068,23157,22148,20932,20703,15543,12704,9510,6421,3577,1279,232,32
"익산시",290119,8934,11918,12482,17807,23582,18320,14138,17644,18943,23700,24254,24787,21634,15603,12267,10574,7705,4144,1383,272,28,285312,7715,11505,12313,16111,22908,18232,13606,16114,18594,22740,24075,23897,22736,16585,13436,10575,7775,4487,1569,300,39
"정읍시",107348,2848,3982,4224,5360,5833,5030,4490,5571,6628,8363,8741,9345,8753,6758,6511,6326,5006,2567,814,176,22,106706,2544,3844,4236,4808,5938,5089,4438,5207,6433,8134,8716,9123,9104,7193,6828,6137,4975,2864,895,171,29
"남원시",77690,2271,2918,3222,3518,3503,3287,2998,3857,4535,6151,6686,6896,6530,5284,4807,4620,3779,1957,679,169,23,78097,2183,2831,3204,3411,3462,3389,2952,3618,4498,6050,6739,6716,6960,5639,5158,4498,3715,2147,730,168,29
"김제시",80422,1888,2731,2750,3018,3804,3813,3347,4178,4403,5520,6053,7265,7248,6014,5379,5312,4302,2461,770,157,9,79733,1662,2593,2812,3017,3498,3741,3284,3868,4304,5332,6091,6896,7591,6204,5754,5187,4252,2590,880,155,22
"완주군",96212,3257,4359,4132,5774,7482,5103,4673,6379,6321,7115,7143,7670,7031,5367,4528,4163,3341,1633,606,120,15,95834,2745,4153,4255,5133,7417,5224,4465,5838,6425,7128,7424,7540,7444,5777,4872,4027,3302,1840,669,140,16
"진안군",23013,653,683,635,719,885,870,778,973,1066,1483,1857,2285,2245,1908,1793,1772,1441,696,221,46,X,23380,612,638,710,744,880,841,738,890,1079,1417,1867,2286,2464,2047,1910,1746,1459,775,221,51,5
"무주군",22852,492,746,821,864,778,868,803,969,1205,1598,1882,2166,2191,1820,1526,1776,1388,677,223,50,9,22678,450,740,827,819,722,830,779,909,1193,1559,1878,2118,2254,1903,1614,1656,1394,743,228,50,12
"장수군",21267,492,733,767,950,822,811,792,989,1066,1386,1689,1920,1978,1774,1427,1581,1243,624,177,42,X,20879,454,692,758,711,767,810,751,867,1080,1359,1620,1860,2107,1876,1535,1474,1254,672,186,40,6
"임실군",26144,709,721,763,946,1294,1104,999,1093,1228,1577,1998,2380,2319,2032,1965,2060,1746,847,311,37,15,26075,669,662,773,896,1272,1064,939,1001,1200,1495,2005,2294,2565,2070,2126,1980,1775,936,301,41,11
"순창군",26642,875,804,983,998,948,990,971,1246,1339,1794,2037,2366,2336,1914,1958,2177,1740,800,278,78,10,26598,793,743,1024,1000,931,951,946,1131,1350,1801,2031,2188,2575,2010,2014,2077,1778,863,304,75,13
"고창군",53260,1215,1645,1818,2593,1998,2221,2018,2303,2620,3576,4116,4730,4926,3961,3910,4207,3187,1592,501,113,10,52608,1083,1601,1992,2382,1921,2067,1853,2202,2512,3435,4023,4542,5145,4089,4088,4014,3190,1745,586,116,22
"부안군",49733,1179,1518,1562,1966,1949,2036,1883,2395,2553,3453,3894,4601,4815,3944,3720,3515,2841,1421,405,68,15,49326,1047,1482,1582,1777,1931,2015,1809,2233,2594,3297,3851,4423,4933,4107,3904,3451,2804,1539,463,77,7
"전라남도",1787543,61430,76356,74812,89719,98558,93860,85624,112547,115357,140542,147736,153304,137983,104778,93776,89749,65352,33277,10091,2424,268,1788807,56489,75394,76877,82241,97640,96754,84693,106686,116437,136028,148786,150095,146835,110813,97589,87277,68307,34983,11952,2577,354
"읍부",434488,16637,20703,19961,24869,23584,21971,21191,28862,30037,35456,34560,35139,31059,23861,21367,19857,14460,7699,2497,647,71,439764,15881,20826,20853,22693,24238,22854,21160,27837,30705,34874,35645,34560,33223,25213,22384,19551,15263,8243,2950,721,90
"면부",572417,14073,15573,15669,19091,24588,24605,21891,25866,26724,35461,43527,52834,53658,44381,43921,47937,37262,18509,5432,1252,163,569084,12453,15207,16154,17817,23108,24169,21119,24250,26610,34056,43284,51262,57116,46291,45013,45621,38308,19393,6367,1299,187
"동부",780638,30720,40080,39182,45759,50386,47284,42542,57819,58596,69625,69649,65331,53266,36536,28488,21955,13630,7069,2162,525,34,779959,28155,39361,39870,41731,50294,49731,42414,54599,59122,67098,69857,64273,56496,39309,30192,22105,14736,7347,2635,557,77
"목포시",228876,8128,12144,11761,13148,14788,12283,11502,17318,17984,20412,18678,18334,16207,11291,9688,7527,4565,2248,679,182,9,224509,7035,11460,11804,12075,14892,12357,10754,15721,17731,19698,18610,17668,16798,12011,9878,7688,4975,2311,835,179,29
"여수시",270283,9779,12030,11810,13641,14925,15701,14345,18672,18855,22900,23087,23908,20983,15889,12614,10145,6311,3381,1033,251,23,271505,8955,12042,11918,12602,15129,16557,14356,17791,19026,22199,23258,23345,22026,16969,13533,10022,6807,3448,1207,278,37
"순천시",270202,10559,13541,13712,16139,18209,16182,14174,18700,19128,23597,24369,23076,18006,12198,9554,8395,6102,3281,1019,237,24,272449,9942,13602,14049,14699,17707,17365,14506,18040,19550,22861,24582,22999,19713,13103,10274,8203,6263,3476,1211,263,41
"나주시",112101,4974,5305,4332,5371,6274,6618,6679,8389,7757,7857,7809,8501,8055,6041,5487,5482,4007,2227,734,184,18,113293,4631,5422,4602,5090,6120,6941,6794,8006,8032,7829,7863,8280,8646,6375,5617,5418,4212,2331,860,199,25
"광양시",143656,6343,7732,7271,8107,8261,8775,8242,10711,10566,13113,15230,12246,8909,5681,4081,3513,2836,1445,474,114,6,143928,5778,7564,7489,7241,8208,9069,8149,10186,10750,12422,15412,12587,9804,6232,4521,3386,2898,1578,530,117,7
"담양군",43804,1078,1206,1219,2386,2511,2183,1774,2000,2063,2898,3403,4119,3887,3169,2917,3058,2312,1133,378,93,17,44201,1055,1174,1225,2150,2498,2277,1717,1939,2029,2797,3490,4082,4336,3348,3070,2913,2390,1178,427,89,17
"곡성군",27858,536,677,781,1594,1805,1161,814,1064,1243,1787,2085,2450,2410,1980,1982,2200,1946,949,326,62,6,27349,434,650,790,1479,1642,1146,805,988,1189,1695,2076,2325,2546,2046,2067,2050,1928,1045,360,80,8
"구례군",23836,492,697,751,707,876,813,730,1014,1177,1657,2027,2339,2269,1865,1769,1989,1556,789,261,54,X,23907,441,687,754,745,851,815,676,927,1127,1548,2014,2255,2438,1973,1867,1911,1639,831,334,65,9
"고흥군",60332,1200,1438,1621,1680,1991,2067,1769,2199,2595,3651,4329,5585,6051,5542,5321,5608,4329,2399,739,193,25,60045,1168,1384,1627,1689,1902,1944,1737,2081,2584,3413,4312,5252,6303,5736,5563,5359,4499,2400,860,193,39
"보성군",38339,897,1016,1087,1594,1387,1316,1203,1463,1663,2374,2817,3419,3672,3159,3052,3322,2740,1539,482,111,26,37888,769,977,1172,1356,1372,1231,1155,1327,1695,2162,2809,3278,3819,3267,3161,3153,2858,1603,586,118,20
"화순군",59671,1474,2117,2468,3438,3218,2853,2122,2806,3403,4854,5131,5369,4711,3567,3493,3792,2878,1428,425,107,17,60247,1361,2057,2448,2994,3423,2909,2131,2591,3359,4654,5383,5395,5175,3824,3581,3748,3010,1549,519,120,16
"장흥군",35494,930,1120,1122,1304,1429,1403,1310,1710,1687,2391,2799,3273,3268,2626,2548,2675,2235,1211,358,85,10,35273,862,1128,1177,1217,1423,1340,1264,1553,1670,2261,2761,3113,3475,2751,2630,2539,2287,1284,443,85,10
"강진군",32805,899,1010,1185,1341,1308,1265,1153,1423,1526,2084,2457,3028,3106,2492,2518,2539,2076,1040,292,61,X,32778,758,995,1225,1302,1332,1294,1095,1333,1509,2048,2399,2919,3291,2567,2584,2414,2178,1089,374,69,X
"해남군",65175,2237,2103,2172,2211,2562,2560,2558,3255,3518,4442,5129,5930,6085,4925,4780,4814,3515,1751,485,131,12,65223,1975,2090,2243,2195,2600,2626,2476,3032,3488,4348,5150,5762,6484,5069,4868,4669,3698,1751,573,109,17
"영암군",57476,1942,2122,2014,2619,3335,3205,3242,3916,3783,4441,4679,4792,4185,3140,2964,3116,2371,1209,320,75,6,57076,1678,2037,2025,2459,3592,3183,3032,3698,3737,4313,4680,4792,4386,3290,2994,3016,2399,1302,371,86,6
"무안군",81789,2872,4352,4137,5380,6702,4091,3923,5841,5903,6148,5756,5725,5200,4188,3842,3598,2460,1208,378,73,12,84637,2953,4638,4645,4747,6158,4456,4197,6093,6468,6394,6136,5780,5610,4451,3953,3525,2566,1311,450,90,16
"함평군",30556,654,830,878,1471,1224,1206,1075,1220,1424,1897,2370,2752,2855,2354,2375,2622,2009,965,295,72,8,30156,604,764,950,1296,1205,1192,997,1180,1340,1858,2287,2641,2984,2447,2416,2447,2094,1025,352,70,7
"영광군",50004,1907,1767,1787,2235,2096,2369,2294,2635,2772,3625,3888,4332,4207,3432,3349,3448,2451,1001,309,87,13,50196,2042,1709,1896,2035,2087,2368,2353,2598,2757,3485,3841,4190,4393,3565,3476,3306,2481,1162,351,94,7
"장성군",42193,1397,1543,1429,2022,1718,2419,1757,2283,2304,2959,3179,3669,3429,2750,2726,2928,2229,1050,318,73,11,41443,1216,1472,1456,1740,1734,2339,1715,2053,2269,2798,3196,3531,3583,2881,2832,2728,2258,1175,374,82,11
"완도군",48366,1529,1794,1578,1523,1706,2294,2264,2805,2783,3322,3528,4330,4285,3452,3528,3560,2492,1205,295,84,9,48269,1439,1725,1643,1437,1670,2397,2177,2642,2907,3183,3620,4012,4466,3628,3504,3474,2673,1212,366,82,12
"진도군",29295,815,935,959,936,1121,1604,1270,1488,1535,1887,2192,2619,2616,2085,2196,2364,1650,760,219,40,X,29297,704,955,965,883,1086,1592,1308,1397,1529,1920,2178,2459,2821,2125,2190,2295,1781,808,245,46,10
"신안군",35432,788,877,738,872,1112,1492,1424,1635,1688,2246,2794,3508,3587,2952,2992,3054,2282,1058,272,55,6,35138,689,862,774,810,1009,1356,1299,1510,1691,2142,2729,3430,3738,3155,3010,3013,2413,1114,324,63,7
"경상북도",2668154,90733,109118,105725,133650,164796,151259,143954,180096,176851,210989,220540,234911,211954,159098,119058,113723,84217,40928,13401,2812,341,2644757,81604,108372,106715,120322,158436,149097,139326,168255,176603,204225,221464,228605,224079,171491,127172,109622,86044,45238,14643,3051,393
"읍부",606582,20379,25340,25175,34194,41489,34282,32671,41646,41850,50477,50566,51687,44807,33055,25092,23769,17855,8578,3000,599,71,617590,18893,26019,25864,30196,40738,34577,32843,40465,43296,50350,52820,52390,49120,36613,27417,23545,18658,9773,3241,682,90
"면부",651493,15584,15700,14716,17775,26676,28845,28588,31518,29368,37465,48900,64430,67885,57537,46752,50877,40940,20124,6319,1332,162,628901,13812,14791,14591,16052,22623,25938,26112,28020,27857,34637,46547,60728,70102,60380,48679,47348,40486,21811,6833,1383,171
"동부",1410079,54770,68078,65834,81681,96631,88132,82695,106932,105633,123047,121074,118794,99262,68506,47214,39077,25422,12226,4082,881,108,1398266,48899,67562,66260,74074,95075,88582,80371,99770,105450,119238,122097,115487,104857,74498,51076,38729,26900,13654,4569,986,132
"포항시",502064,18347,23455,22176,24519,28224,28478,26866,36539,35426,42727,44386,46723,42951,29551,19629,15475,9716,4796,1680,361,39,501109,16374,23480,22488,22903,28302,28785,26537,34543,35582,40919,44310,45197,44529,32660,21222,15463,10329,5238,1815,384,49
"남구",233172,8227,10776,10298,10976,12173,14402,13032,17120,16665,19993,20933,21405,20160,14044,9185,6975,4164,1888,615,130,11,228937,6970,10568,10307,10509,12203,14118,12309,15781,16508,18900,20546,20387,20547,15340,9863,6934,4354,2022,619,134,18
"북구",268892,10120,12679,11878,13543,16051,14076,13834,19419,18761,22734,23453,25318,22791,15507,10444,8500,5552,2908,1065,231,28,272172,9404,12912,12181,12394,16099,14667,14228,18762,19074,22019,23764,24810,23982,17320,11359,8529,5975,3216,1196,250,31
"경주시",264314,7657,9549,9789,12440,18080,15771,13994,17098,17068,21888,22776,23640,21509,16074,12247,11159,8047,4021,1195,275,37,261778,7070,9459,9792,11274,17398,15142,13730,16006,16908,20885,22868,23330,22518,17182,13010,10933,8266,4344,1336,288,39
"김천시",139902,5138,5701,5327,6781,8222,7636,7240,9218,8828,10490,11287,12269,11270,8802,6659,6429,5090,2482,827,186,20,139145,4701,5645,5486,6352,7803,7447,7080,8646,8856,10142,11452,11943,11894,9460,7158,6066,5158,2714,936,182,24
"안동시",160344,5085,6055,6263,9023,10661,7785,7119,9254,10090,12239,12671,14107,13062,10382,8071,8238,5941,2986,1087,195,30,159412,4563,6060,6376,7967,10122,8283,7098,8540,10004,11943,12904,13218,13849,11137,8486,7933,6132,3347,1169,243,38
"구미시",420319,19769,23849,21815,25460,28766,30159,31753,38708,35143,37733,36123,32062,21785,13032,8267,7132,5180,2503,867,194,19,416603,17763,23880,21995,23253,27503,29812,30640,36487,35892,36605,36653,32160,24237,14463,9003,6972,5244,2893,923,199,26
"영주시",105235,2715,3832,4125,6087,6540,4417,3917,5314,6256,7843,8546,9703,9236,7709,5734,5862,4347,2090,756,186,20,103818,2396,3643,4118,5613,6206,4400,3774,4851,6061,7605,8581,9057,9743,8179,6138,5642,4473,2324,773,200,41
"영천시",100487,2893,2938,3020,3362,5443,5585,5098,5894,5665,7257,8340,9367,9187,7622,5972,5864,4290,2054,536,90,10,100353,2747,2928,3071,3278,5095,5403,5052,5479,5586,7124,8430,9140,9610,8034,6430,5670,4327,2242,609,88,10
"상주시",96641,2374,2991,3421,4512,5169,3899,3536,4450,4866,6627,7486,9326,9344,7404,6099,6331,5205,2507,871,206,17,95473,2220,2954,3387,4082,4945,3799,3354,4210,4750,6381,7400,8770,9850,7842,6478,5860,5262,2769,934,209,17
"문경시",68542,1765,2280,2446,3305,2825,2520,2579,3472,3846,4733,5365,6577,6785,5447,4427,4510,3394,1565,551,132,18,68212,1714,2272,2442,2782,2930,2535,2467,3176,3689,4744,5328,6243,7123,5727,4720,4326,3508,1718,613,139,16
"경산시",290088,10202,11648,10478,20493,30983,20690,17248,20478,19566,23059,22557,22064,18651,13388,9980,8742,5934,2882,847,172,26,283733,9002,11644,10762,15935,28618,20771,16774,19192,19646,22535,22817,21846,19754,14484,10757,8536,6256,3202,983,196,23
"군위군",22206,349,375,436,517,741,866,832,837,902,1193,1748,2338,2527,2165,1857,1985,1581,731,192,28,6,22096,299,373,435,475,702,818,754,745,899,1164,1651,2308,2680,2329,1929,1903,1542,827,223,35,5
"의성군",49477,1050,898,1050,1042,1357,1712,1638,1764,1928,2589,3623,5015,5712,5041,4056,4687,3827,1813,559,104,12,49243,1013,873,1001,1028,1290,1629,1548,1714,1847,2516,3459,4804,5927,5316,4301,4436,3764,2037,612,115,13
"청송군",23958,494,550,546,599,719,844,829,972,997,1397,2009,2569,2714,2294,1884,2062,1554,670,218,31,6,23761,422,541,544,519,705,825,787,899,946,1323,1956,2517,2843,2415,1957,1966,1554,768,234,31,9
"영양군",16146,387,407,436,607,425,543,504,622,688,1050,1253,1696,1677,1384,1238,1481,1062,480,163,36,7,15743,337,387,437,374,404,528,503,541,685,961,1275,1587,1765,1518,1234,1390,1079,516,178,38,6
"영덕군",35672,884,951,949,931,1049,1451,1308,1733,1720,2325,2676,3362,3551,3132,2703,3179,2338,1022,345,58,5,34893,783,868,941,848,1005,1328,1205,1557,1686,2148,2652,3194,3688,3305,2758,2993,2375,1128,335,88,8
"청도군",41054,681,838,988,1257,1466,1734,1463,1796,1828,2485,3004,4202,4585,4150,3097,3096,2559,1335,404,80,6,41378,645,831,998,1493,1388,1639,1467,1648,1804,2432,3029,4014,4788,4368,3454,2886,2553,1416,434,86,5
"고령군",32191,744,870,962,1016,1439,1622,1578,1768,1771,2390,2604,3214,3003,2566,1977,1991,1632,790,216,38,X,31419,592,798,947,962,1429,1478,1425,1603,1675,2287,2554,3078,3168,2680,2101,1859,1630,878,223,49,X
"성주군",41314,995,936,958,1022,1625,2305,1955,2001,2055,2629,3495,4534,4291,3616,2746,2558,2050,1111,351,74,7,41574,916,915,960,1069,1555,2139,1885,1880,2065,2521,3381,4482,4613,3859,3075,2449,2077,1221,423,81,8
"칠곡군",118517,4760,5891,5630,5806,6539,7447,8378,10282,9962,10886,9862,8996,7126,4910,3791,3575,2739,1366,451,103,17,115756,3943,5694,5600,5534,6456,6607,7257,9251,9843,10698,10149,9114,7786,5351,4001,3489,2829,1542,492,105,15
"예천군",53020,2135,2435,2177,1824,1735,1981,2387,3281,3348,3348,3549,4360,4579,3933,3150,3640,3140,1432,474,92,20,53718,2025,2541,2238,1789,1782,2033,2392,3112,3488,3402,3617,4189,4801,4205,3357,3386,3071,1664,513,101,12
"봉화군",30308,708,795,819,934,823,945,895,1236,1372,1812,2487,3316,3362,2713,2217,2494,1968,969,357,75,11,29945,602,762,816,864,816,882,862,1096,1291,1774,2374,3154,3549,2971,2304,2291,1999,1066,376,86,10
"울진군",47651,1398,1607,1679,1951,1684,2378,2415,2802,2939,3561,3819,4544,4139,3124,2729,2841,2349,1184,413,87,8,47151,1302,1590,1655,1763,1709,2360,2343,2544,2862,3418,3818,4373,4439,3310,2771,2750,2332,1238,463,98,13
"울릉군",8704,203,267,235,162,281,491,422,577,587,728,874,927,908,659,528,392,274,139,41,9,X,8444,175,234,226,165,273,454,392,535,538,698,806,887,925,696,528,423,284,146,46,10,X
"경상남도",3347209,125576,160353,154990,167002,192416,196129,194809,257405,250743,291703,289172,286323,248003,169077,125887,108310,76533,38103,12181,2272,222,3333056,112320,158251,157784,155935,188811,194483,187590,239226,253786,282901,293790,280683,262593,186541,134159,106834,79630,41492,13406,2551,290
"읍부",509697,22516,28141,26082,27060,27364,27818,29695,41358,40233,44569,42336,40586,34997,23944,17966,15620,11305,5794,1920,356,37,506242,19877,27572,26505,25198,27346,27358,28436,37871,40623,43376,43381,40023,37135,26169,19180,15244,11911,6352,2232,405,48
"면부",700689,21179,24972,22416,23017,27923,34168,36516,45707,41105,47068,54125,64723,65676,50676,41684,42149,33354,17585,5514,1040,92,697601,18687,24785,23285,21754,26502,32557,34428,42446,41860,45726,54457,62663,69185,55210,43717,40365,33945,18754,6006,1145,124
"동부",2136823,81881,107240,106492,116925,137129,134143,128598,170340,169405,200066,192711,181014,147330,94457,66237,50541,31874,14724,4747,876,93,2129213,73756,105894,107994,108983,134963,134568,124726,158909,171303,193799,195952,177997,156273,105162,71262,51225,33774,16386,5168,1001,118
"진주시",354166,12820,16702,16592,20596,28020,22302,19777,24681,25193,29923,29130,28701,24817,17331,13454,11293,7589,3719,1248,252,26,352403,11717,16599,16967,18501,26783,22795,19737,23262,25379,28787,29871,27860,26036,18852,14294,11201,8015,4070,1330,314,33
"통영시",129931,4215,6671,6407,5628,5756,6131,6893,10430,10376,11262,10713,11610,10821,7726,5850,4671,2885,1361,447,73,5,127984,3490,6267,6591,5436,5661,5802,6359,9290,10436,11047,10917,10978,11388,8419,6094,4734,3053,1467,462,86,7
"사천시",111110,3761,5146,5056,4612,4939,5994,5835,8228,8452,9487,8927,9124,8587,6500,5489,4809,3598,1843,598,116,9,111184,3366,4939,5218,4531,4689,5749,5755,7539,8499,9467,9187,8950,8996,7131,5727,4840,3759,2028,665,132,17
"김해시",549331,22973,29493,29725,30560,35885,35810,34539,46033,46556,54810,50741,43174,32002,19693,13744,11227,7339,3620,1174,206,27,552427,20861,29193,30015,29385,36143,36002,34350,43357,46860,53619,52383,43950,34915,21871,14830,11280,7801,4026,1334,227,25
"밀양시",103402,2629,3206,3596,4170,5322,5168,4496,5589,5761,7129,8448,10161,10748,8197,6171,5599,4244,2050,591,118,9,103228,2417,3141,3608,3990,5089,5160,4350,5315,5729,6979,8321,9753,11170,8956,6561,5500,4209,2213,629,122,16
"거제시",251226,13030,16483,13855,12714,11590,13050,18148,26586,23542,24736,20705,17735,14979,8756,5768,4420,2961,1542,511,106,9,246965,11044,16297,14400,11957,11624,12209,15761,24298,24173,24288,21434,17663,16025,9880,6195,4427,2969,1643,550,115,13
"양산시",347221,16873,19314,16515,17209,18767,21132,22617,31485,28879,30654,29383,27584,23062,15275,10748,8859,5442,2422,819,167,15,351206,15272,19524,17130,16513,19300,21599,22091,29360,29850,30491,30271,27538,24594,16993,11836,8980,5960,2826,883,171,24
"창원시",1036862,38710,48870,47413,52454,63555,67092,64059,81522,77937,91460,93877,93999,78139,50332,34246,25641,16572,8001,2502,435,46,1029389,35002,48589,48038,47937,61409,66399,61887,76084,79357,87618,94050,91535,82607,56336,36879,25876,17553,8842,2824,510,57
"의창구",256001,9828,11519,10554,12888,17713,18155,16146,20047,18035,22360,25175,24558,18817,11417,7148,5392,3650,1888,602,95,14,262203,9557,12038,11222,11698,17364,18748,16561,19764,19285,21571,25587,24873,20792,12975,7869,5421,3901,2134,709,118,16
"성산구",219951,8019,9975,10866,12340,14416,17599,16437,16827,16551,21842,23011,21956,13893,6919,3873,2566,1759,821,237,38,6,213607,6992,9736,10669,11327,14182,16971,15189,15564,16278,19897,22347,21348,15430,7977,4271,2521,1762,873,225,45,X
"마산합포구",177579,5917,7282,6513,8383,11127,9790,9458,12942,12006,13367,14187,15616,16203,11685,8779,6885,4376,2222,698,132,11,172632,5014,7328,6575,7073,9413,9341,8727,11764,12143,12805,14048,14771,16297,12818,9387,7027,4702,2400,825,161,13
"마산회원구",192446,5808,8369,8821,9858,11661,11052,9850,13549,14187,16678,17383,17739,16334,11606,8132,5855,3490,1502,478,86,8,190389,5303,8126,8677,9025,11261,10924,9884,12442,14106,15970,17333,17037,16719,12820,8707,5963,3722,1724,535,96,15
"진해구",190885,9138,11725,10659,8985,8638,10496,12168,18157,17158,17213,14121,14130,12892,8705,6314,4943,3297,1568,487,84,7,190558,8136,11361,10895,8814,9189,10415,11526,16550,17545,17375,14735,13506,13369,9746,6645,4944,3466,1711,530,90,10
"의령군",26040,522,626,666,833,942,1104,1032,1154,1196,1627,2011,2499,2682,2113,1812,2092,1811,965,288,60,5,25965,478,610,662,751,947,1079,998,1069,1156,1618,1973,2433,2801,2325,1923,1938,1790,1009,341,58,6
"함안군",66611,1903,2747,2958,2778,3068,3663,3594,4458,4652,5261,5301,5689,5749,4194,3199,3218,2450,1266,405,55,X,65279,1569,2567,2913,2799,2895,3358,3317,3954,4531,5083,5313,5559,5937,4549,3481,3049,2527,1370,433,70,5
"창녕군",62370,1692,1939,1828,2471,2648,3133,3045,3560,3275,4070,4832,6006,6235,4672,3844,3939,3076,1572,462,64,7,61302,1459,1845,1850,2180,2476,2965,2887,3174,3327,3865,4787,5713,6503,5069,4071,3749,3092,1699,514,68,9
"고성군",50887,1081,1799,1825,2409,1860,2023,2055,2874,2835,3721,4028,4757,4779,3957,3392,3138,2484,1363,425,79,X,50016,887,1703,1847,2167,1833,1939,1858,2572,2775,3459,4145,4546,4976,4216,3481,3046,2532,1454,492,81,7
"남해군",42169,657,977,1199,1990,1668,1527,1334,1624,1826,2756,3144,4133,4139,3475,3359,3330,2746,1631,541,107,6,41587,588,922,1303,1696,1650,1504,1257,1506,1793,2687,3151,3894,4257,3721,3396,3110,2792,1678,557,119,6
"하동군",42583,909,1131,1362,1278,1515,1624,1386,1654,2037,3019,3640,4453,4383,3496,3029,3125,2586,1371,490,81,14,41772,780,1048,1315,1198,1457,1479,1341,1466,1855,2804,3682,4188,4607,3768,3141,2979,2606,1419,530,96,13
"산청군",33579,717,802,990,1151,1045,1221,1137,1357,1378,2151,2846,3440,3510,2857,2438,2698,2230,1151,381,74,5,33500,582,749,976,1226,1054,1204,1052,1226,1380,1984,2836,3299,3704,3158,2553,2532,2238,1239,412,86,10
"함양군",37384,796,1114,1344,1436,1326,1321,1227,1599,1826,2671,3175,3618,3714,2860,2599,2845,2324,1141,359,80,9,37114,715,1062,1358,1310,1299,1354,1131,1529,1713,2525,3182,3505,3863,3111,2679,2680,2428,1180,388,90,12
"거창군",59888,1584,2365,2525,3465,3057,2403,2309,2988,3272,4382,4972,5338,5245,3953,3428,3555,2967,1479,493,93,15,59595,1453,2270,2516,3206,3098,2442,2243,2756,3253,4173,4996,5229,5490,4273,3557,3341,3041,1576,559,107,16
"합천군",42449,704,968,1134,1248,1453,1431,1326,1583,1750,2584,3299,4302,4412,3690,3317,3851,3229,1606,447,106,9,42140,640,926,1077,1152,1404,1444,1216,1469,1720,2407,3291,4090,4724,3913,3461,3572,3265,1753,503,99,14
"제주특별자치도",665048,27919,34975,33921,35120,39681,42615,38640,52071,51564,60650,55216,51721,43485,28149,24055,19572,14187,8012,2416,958,121,670858,25968,35270,34738,33279,39918,43494,38651,49911,52624,59453,57221,51676,45675,31279,24756,19766,14699,8548,2871,907,154
"읍부",151015,5240,7013,6642,6475,7687,8793,8027,11018,11349,13071,12581,12601,11066,7441,6913,6153,4862,2884,822,332,45,153767,4959,7446,6923,6445,7472,8697,8049,10699,11739,13139,13017,12694,11755,8358,6960,6032,5017,3013,983,310,60
"면부",35474,1014,1360,1230,1202,1806,2160,1798,2295,2540,3034,3060,3084,2944,2061,1848,1695,1346,713,192,82,10,35539,949,1394,1333,1105,1669,1984,1732,2213,2624,2921,3179,3179,3088,2199,1910,1626,1344,775,226,77,12
"동부",478559,21665,26602,26049,27443,30188,31662,28815,38758,37675,44545,39575,36036,29475,18647,15294,11724,7979,4415,1402,544,66,481552,20060,26430,26482,25729,30777,32813,28870,36999,38261,43393,41025,35803,30832,20722,15886,12108,8338,4760,1662,520,82
"제주시",487688,21039,26422,25507,27168,31017,32281,29164,39036,38216,44823,40413,36965,30467,19206,15969,12852,9333,5363,1688,684,75,492306,19587,26546,25952,25636,31396,33467,29299,37464,39014,43959,41915,37014,31894,21497,16540,13011,9712,5637,2032,635,99
"서귀포시",177360,6880,8553,8414,7952,8664,10334,9476,13035,13348,15827,14803,14756,13018,8943,8086,6720,4854,2649,728,274,46,178552,6381,8724,8786,7643,8522,10027,9352,12447,13610,15494,15306,14662,13781,9782,8216,6755,4987,2911,839,272,55
