시도명,시군구명,합계,0~4세,5~9세,10~14세,15~19세,20~24세,25~29세,30~34세,35~39세,40~44세,45~49세,50~54세,55~59세,60~64세,65~69세,70~74세,75~79세,80~84세,85~89세,90~94세,95~99세,100세이상
전구,전국,51829136,1722081,2264595,2267481,2449561,3364804,3666212,3301331,3805470,3906665,4325697,4372054,4210645,3885297,2734187,2027679,1600867,1120781,563930,192663,41512,5624
서울특별시,종로구,151291,3130,4217,4721,7656,14111,13997,10662,10065,9778,11923,12442,12258,10978,7882,6119,5295,3582,1694,595,164,22
서울특별시,중구,128744,3573,3485,2879,4450,10206,12010,11031,10474,8842,9322,10280,10444,9969,7159,5497,4388,2832,1291,504,97,11
서울특별시,용산구,225882,7383,7502,6878,8206,14687,20386,20002,19566,16893,18197,18204,17270,15838,11098,8533,6989,4912,2336,785,191,26
서울특별시,성동구,291918,10310,10050,8590,10975,22060,26285,23986,25076,21325,22404,23361,22955,21191,14583,11087,8765,5536,2401,771,182,25
서울특별시,광진구,353967,8766,10938,11712,14378,30082,38125,30230,27226,24817,27382,28400,27486,25383,17487,12585,9413,5836,2591,882,215,33
서울특별시,동대문구,351057,9740,10970,10546,14063,34386,33298,25564,26042,24051,25745,26249,25858,25818,19415,15039,12185,7484,3343,990,233,38
서울특별시,중랑구,385663,10829,12371,11931,14091,23529,32150,28737,29051,26773,29301,33035,34513,32866,23672,17550,12996,7677,3250,1076,230,35
서울특별시,성북구,438833,12562,16218,16554,22076,39422,36491,28771,31437,31055,36577,35118,31622,30556,22481,17966,14635,9413,4160,1413,279,27
서울특별시,강북구,299535,6775,8932,9661,11706,19784,23008,18480,19816,20536,24492,25340,25396,25133,19266,15928,13138,7770,3081,1019,251,23
서울특별시,도봉구,315979,8007,10554,11180,13524,20421,22480,18795,21049,21056,25669,27660,27566,28032,20227,15096,11955,7634,3529,1235,264,46
서울특별시,노원구,511982,13706,19205,23468,28771,39207,34986,29520,33729,37151,46652,45161,40209,38176,27731,20583,15915,10509,5081,1783,380,59
서울특별시,은평구,463102,13099,16506,17328,20084,28322,36117,31917,35206,34494,39070,38061,36260,35721,26448,21054,16629,10556,4454,1424,318,34
서울특별시,서대문구,317209,9356,10850,10421,14203,29899,30045,22811,23219,21699,24592,24681,23073,21651,15640,12703,10689,7222,3164,1029,226,36
서울특별시,마포구,365612,11698,12993,12891,14435,28241,36762,32439,32211,28399,30541,27517,24750,22236,15872,12716,10549,6931,3155,1040,203,33
서울특별시,양천구,439068,12084,18993,23778,24745,26991,29635,25835,30569,34866,41644,39381,35422,32361,23664,16614,11130,6742,3209,1130,244,31
서울특별시,강서구,564854,17970,21463,20330,22213,32286,51403,49112,48563,43714,44189,41726,42796,43501,31481,22842,15081,9375,4576,1815,380,38
서울특별시,구로구,435442,14036,15590,14396,15441,23454,33270,34218,35295,33009,35110,35928,37380,36378,26545,19213,13222,8004,3535,1143,250,25
서울특별시,금천구,249419,6557,7023,6632,7947,14256,23442,20596,18637,16491,19510,22281,23931,21752,14935,10649,7593,4399,1992,610,153,33
서울특별시,영등포구,403619,13596,12966,11015,12319,21506,37810,38675,35289,29358,30961,32778,33791,31709,21930,15768,11601,7558,3588,1100,271,30
서울특별시,동작구,392772,11162,13113,12375,15505,31594,39650,31987,30064,28062,29512,29608,29210,28440,21100,16602,12332,7648,3361,1157,248,42
서울특별시,관악구,502641,10498,12326,12182,16436,41671,71807,50597,38602,32829,35040,34694,35205,34189,26315,20816,15706,8831,3498,1131,230,38
서울특별시,서초구,401749,13222,19529,21165,20573,23963,28266,28273,31837,34595,37913,32788,27492,25904,19897,15478,10536,5991,2875,1137,269,46
서울특별시,강남구,508135,13370,21406,26731,27691,30707,38582,37776,40296,43577,48978,42406,34387,31942,25177,19596,12950,7308,3509,1362,334,50
서울특별시,송파구,643288,22173,27286,27216,28457,38406,51667,51973,54986,51095,53140,51378,49005,47236,34947,23827,15160,8723,4499,1717,351,46
서울특별시,강동구,444434,15267,18720,18462,18803,24997,33614,32965,36812,35271,35699,35105,35538,35681,25937,18109,11782,6636,3342,1349,288,57
부산광역시,중구,41439,526,777,822,1195,2663,3434,2404,2460,2414,3059,3309,3534,4120,3419,2721,2202,1385,635,295,55,10
부산광역시,서구,105303,2302,3175,3190,4039,7156,7004,5309,6046,6477,7627,8127,8949,9931,8243,6603,5317,3560,1609,500,125,14
부산광역시,동구,87246,1902,2181,2175,2893,4476,6035,5236,5435,5305,6301,6927,7265,8425,7107,5737,4772,3142,1363,485,77,7
부산광역시,영도구,113224,2078,3037,3210,5018,8200,6369,4884,5935,6558,8157,8832,9818,11428,9642,7804,6217,3877,1577,476,92,15
부산광역시,부산진구,351403,9294,11671,11285,14658,24856,28508,22793,23798,23515,26140,27492,28978,30362,23502,17475,13393,8619,3765,1074,208,17
부산광역시,동래구,263345,8035,11355,11868,11859,14937,16142,14495,17748,19709,22003,21936,21555,22333,17708,12814,9257,5666,2746,952,197,30
부산광역시,남구,269111,7162,10642,10765,12642,22704,18027,13562,16743,19172,21692,21361,20465,22154,17731,13782,10551,6331,2652,821,137,15
부산광역시,북구,280177,8271,10663,10542,12120,18290,19538,15836,17491,18367,21373,25653,27724,26151,17987,12296,8711,5481,2652,830,180,21
부산광역시,해운대구,389535,11440,16765,17569,19177,22753,23543,20106,25305,29329,34648,35265,33677,32414,23941,17169,12863,8381,3775,1161,229,25
부산광역시,사하구,312057,8368,11683,11517,14599,20492,20581,17070,20796,21210,24128,26414,27640,28639,21482,15207,10803,6807,3161,1174,254,32
부산광역시,금정구,237219,5188,7694,7864,11124,21334,17467,12208,13152,14480,16905,19161,20906,21288,16688,12251,9223,5912,3069,1062,213,30
부산광역시,강서구,136734,9454,10561,6747,4223,5121,8175,12130,17234,13641,9582,7952,8340,8637,6109,3759,2499,1583,704,237,36,10
부산광역시,연제구,204947,6607,8114,7663,8203,12174,13526,12446,14460,14794,16024,16636,16679,17746,14089,10269,7617,4781,2184,751,162,22
부산광역시,수영구,171461,4638,5461,5138,5959,9560,13673,11361,11790,11608,12794,13211,13599,15381,12508,9830,7070,4655,2234,833,141,17
부산광역시,사상구,216350,5401,7129,6826,8756,15776,16050,12824,13589,13851,15558,19220,21630,21123,14983,10080,6797,4147,1853,616,126,15
부산광역시,기장군,169465,7971,10995,9006,7734,7555,8771,10054,15080,16400,14809,12238,10864,11411,8947,6750,5047,3373,1704,580,152,24
대구광역시,중구,74278,2485,2707,2205,2575,5099,6720,5225,5567,4884,5447,5516,5432,5460,4367,3834,3208,2161,1002,306,64,14
대구광역시,동구,333294,11174,13975,12545,13193,18416,21620,20002,23286,24031,25829,27154,28427,27952,22043,16576,13047,8619,4022,1104,255,24
대구광역시,서구,170437,3123,4459,4606,6369,10017,11822,8807,9233,9976,12767,15753,17943,16959,13470,9618,7538,4886,2227,696,145,23
대구광역시,남구,145588,2961,3727,3962,5711,10353,11051,8293,8658,8827,10751,11856,12466,12880,10643,8267,6816,4872,2506,818,149,21
대구광역시,북구,446466,14846,19370,19739,24639,36905,31072,25720,29425,32394,39884,40650,36994,31453,21709,15641,12474,8307,3877,1116,221,30
대구광역시,수성구,412912,10417,18882,23770,25854,27515,24196,18025,23542,31259,40049,39975,34442,29826,21660,15874,12567,8848,4582,1358,242,29
대구광역시,달서구,566712,16565,23882,25233,31290,43002,40307,32587,36617,40896,49091,53289,51001,43257,29638,19777,14372,9753,4575,1328,226,26
대구광역시,달성군,261013,14196,15472,12397,11107,13576,16334,19363,24460,22808,20848,20428,20009,17307,11612,7932,5774,4193,2285,742,152,18
인천광역시,중구,138586,5280,6679,6390,6642,7130,11576,10176,11503,12061,12019,10541,9510,9057,6629,5235,3895,2360,1299,471,115,18
인천광역시,동구,61285,1528,2280,2405,2526,3241,3355,2936,4053,4694,5125,4861,5051,5474,4262,3577,2875,1790,875,310,64,X
인천광역시,연수구,390260,17054,22326,21399,21086,26655,27710,26992,32774,33316,35265,33023,31254,24445,13632,8892,6423,4491,2419,876,204,24
인천광역시,남동구,528927,17767,24683,24417,24370,31535,39194,34818,41446,43593,45605,45487,44972,39512,25731,18062,12906,8415,4293,1678,383,60
인천광역시,부평구,500812,15243,19152,19962,22217,30516,38676,34396,36874,36503,41477,45383,46561,41043,25958,18029,13223,9065,4557,1575,351,51
인천광역시,계양구,292852,7741,10763,12120,13694,19884,23269,18296,19437,20393,24963,29085,30918,24578,13620,8831,6662,4863,2552,958,205,20
인천광역시,서구,541534,21798,28610,27768,26324,32176,39391,37294,46011,46533,48961,48088,44793,36200,21321,14294,9957,6763,3536,1387,291,38
인천광역시,미추홀구,405886,12212,15140,14623,17586,29219,31427,26518,29851,29636,32631,32790,33516,32451,22445,17585,13349,8687,4236,1578,359,47
인천광역시,강화군,66020,1369,1809,2109,2326,2349,2682,2408,2841,3153,4104,4993,6481,7560,5884,5164,4464,3432,2044,663,165,20
인천광역시,옹진군,19292,439,498,497,486,1191,1294,941,953,1108,1236,1421,1988,2141,1574,1336,937,674,375,148,47,8
광주광역시,동구,106005,3312,3760,3160,4438,9492,8165,6538,7127,6498,7197,7771,7941,8282,6499,5632,4690,3248,1545,573,121,16
광주광역시,서구,294854,8949,12983,14281,15843,21159,22031,16855,20135,22540,26779,27022,23437,20665,14043,11025,8235,5272,2494,889,184,33
광주광역시,남구,214860,6602,10491,10849,11448,14808,13532,10825,14688,16238,17499,17074,16464,16452,11892,10002,7539,4917,2437,892,182,29
광주광역시,북구,439352,14587,19252,19691,23499,34630,32880,26026,30522,31723,35940,37335,35439,32093,21656,16982,12677,8212,4342,1539,290,37
광주광역시,광산구,422502,16711,24353,25773,26549,33763,30358,25865,33748,38101,41545,36876,28392,21083,12427,9710,7520,5475,2883,1095,250,25
대전광역시,동구,232559,6307,8699,9168,13847,23217,15431,11746,14313,15583,17920,17956,17973,18173,13382,10385,8538,5719,2900,1055,217,30
대전광역시,중구,231959,6167,9041,9926,11609,14915,15476,12102,13950,16559,19443,19886,18987,18645,14292,11536,8981,6173,3016,1005,229,21
대전광역시,서구,478629,16135,22115,23212,27155,38311,38416,31206,34499,36092,41453,40559,36659,32444,21564,14923,10871,7358,3936,1391,286,44
대전광역시,유성구,368895,15622,19921,18838,21677,33237,31631,27882,30094,29635,31143,29160,25306,20852,12611,7728,5782,4185,2456,939,179,17
대전광역시,대덕구,176393,4644,6589,7389,9286,13556,12248,9690,10607,11934,15172,17111,16223,14550,9587,6687,5301,3468,1699,531,108,13
울산광역시,중구,214147,6859,9878,9601,9461,12024,13679,11941,14731,15961,18002,20384,20858,18417,12816,8302,5779,3433,1491,433,89,8
울산광역시,남구,320175,10260,13732,14065,15282,22000,23884,20540,22484,23258,28177,32170,29970,24948,16225,10030,6439,3974,1948,635,143,11
울산광역시,동구,159000,6319,8831,8090,7295,8348,9761,10393,14298,13808,12705,12637,13495,13687,8602,5160,2896,1610,759,233,70,X
울산광역시,북구,217051,11334,14044,12501,10963,12074,14464,15311,19733,19925,18410,20243,18275,12340,6971,4261,2925,1913,959,332,64,9
울산광역시,울주군,225050,7670,10342,10767,11044,13514,13924,12757,15329,17249,20842,21967,20123,17275,11485,7619,5809,4158,2237,773,157,9
세종시,세종시,353933,20858,25681,23301,18999,21654,21226,26074,34999,35241,31435,23999,20097,17376,11668,7929,5872,4178,2348,830,152,16
경기도,수원시,1210150,43415,56165,55966,61253,87071,102107,89116,97263,98782,106400,106244,96870,76551,47263,32681,24497,16456,8253,3029,682,86
경기도,장안구,278507,7487,11223,13051,15827,23412,22391,15997,17777,20542,25001,26405,23556,18977,12039,8851,7111,4952,2624,1034,229,21
경기도,권선구,373381,15084,18222,16124,16432,23655,29910,27999,32539,30914,31510,32552,31598,25429,15531,10265,7254,4871,2427,858,180,27
경기도,팔달구,187922,4712,5603,6111,7483,12238,16735,14305,13561,13585,16083,17317,17425,14795,9949,6979,5283,3425,1588,569,160,16
경기도,영통구,370340,16132,21117,20680,21511,27766,33071,30815,33386,33741,33806,29970,24291,17350,9744,6586,4849,3208,1614,568,113,22
경기도,성남시,922025,29298,38713,40191,43427,57930,70380,64612,70293,71977,81842,80550,75099,67796,45234,32736,24313,15977,7919,2997,650,91
경기도,수정구,249044,7710,8501,7998,9710,17096,20003,17800,19294,18194,20136,21587,22063,20567,14231,9997,7119,4251,1890,704,161,32
경기도,중원구,211880,5985,7193,7414,8630,13120,17470,14978,15761,15187,17228,18729,19118,18043,11981,8642,6220,3763,1657,612,133,16
경기도,분당구,461101,15603,23019,24779,25087,27714,32907,31834,35238,38596,44478,40234,33918,29186,19022,14097,10974,7963,4372,1681,356,43
경기도,의정부시,449572,14751,19433,19490,21445,29635,32438,26886,32352,33279,39368,40278,37848,33385,22142,17089,13802,9551,4473,1550,331,46
경기도,안양시,542336,17411,21864,23978,26626,35752,39787,36781,38990,39538,46992,49284,47908,42994,27172,17973,13304,9072,4849,1664,356,41
경기도,만안구,240986,7491,8284,8348,10127,16156,18535,16496,17039,16330,18790,21560,22555,20921,13719,9384,7105,4684,2436,805,200,21
경기도,동안구,301350,9920,13580,15630,16499,19596,21252,20285,21951,23208,28202,27724,25353,22073,13453,8589,6199,4388,2413,859,156,20
경기도,부천시,833148,26598,32640,32907,36219,52859,63852,58101,63893,61531,69116,73825,77655,70063,43030,27565,19438,13301,7172,2709,583,91
경기도,광명시,298116,10001,13635,14553,15065,17684,19233,19203,22610,24197,27439,26043,24457,22719,15260,10255,7471,4827,2465,808,170,21
경기도,평택시,542522,22397,27296,26306,25614,33862,41736,40591,46331,46280,48447,46192,40896,32879,20933,15220,12388,9101,4309,1398,312,34
경기도,동두천시,95239,2614,3815,4147,4314,5509,5998,5015,6014,6551,7894,8240,7930,7562,5369,4621,4222,3184,1505,583,126,26
경기도,안산시,717345,21814,27035,29215,36545,54100,60614,51388,52347,54105,66624,72671,66311,49438,27146,17498,13380,9792,5129,1747,390,56
경기도,상록구,359979,10572,13906,15028,19292,29441,30566,23103,24237,26211,33064,36720,33083,24615,13726,9349,7606,5504,2744,957,225,30
경기도,단원구,357366,11242,13129,14187,17253,24659,30048,28285,28110,27894,33560,35951,33228,24823,13420,8149,5774,4288,2385,790,165,26
경기도,고양시,1045497,34682,46391,48005,51448,65259,74686,64528,74940,80075,97465,98934,90993,73760,44243,33049,28564,22017,11461,4033,853,111
경기도,덕양구,460881,16964,21013,19350,20009,27159,32274,30259,35861,35856,40386,40925,39520,33431,21433,16204,13569,9881,4755,1648,336,48
경기도,일산동구,292616,8461,12032,13285,14862,19069,22639,18024,19666,22120,28070,28756,25851,20588,11639,8520,7489,6180,3638,1369,327,31
경기도,일산서구,292000,9257,13346,15370,16577,19031,19773,16245,19413,22099,29009,29253,25622,19741,11171,8325,7506,5956,3068,1016,190,32
경기도,과천시,58018,2114,2669,2756,3008,3809,3982,3769,4174,3961,4898,5423,5012,4239,2718,1957,1514,1109,601,239,58,8
경기도,구리시,192051,6558,8617,8404,8909,12324,13724,11605,14430,15050,16930,17853,16991,14367,9293,6500,5005,3281,1571,521,101,17
경기도,남양주시,696033,26247,38218,38164,35900,40887,40820,36607,52798,61013,65387,60059,53547,47371,33099,24843,19382,12698,6130,2242,543,78
경기도,오산시,240645,10661,14162,12953,11764,13967,17745,18879,23952,23196,21889,19091,16300,13170,8242,5612,4385,2843,1285,450,86,13
경기도,시흥시,535147,22961,27271,24981,24649,33730,40033,41461,49369,47836,49295,49466,43532,32026,17919,11326,8575,6242,3041,1139,256,39
경기도,군포시,275571,9294,11737,12311,13327,17142,20277,19011,20522,20766,24166,24932,24333,21181,12593,8522,6598,4866,2730,986,241,36
경기도,의왕시,160230,5882,7077,6666,7935,10871,11866,10521,11686,11109,12872,14408,14630,12935,8001,5152,3786,2675,1508,521,111,18
경기도,하남시,279795,13148,16256,12879,10529,13891,19688,20913,27377,26184,22842,20338,20030,19747,14029,9539,5973,3663,1847,714,179,29
경기도,용인시,1066975,41545,58248,59099,59716,73380,68523,62907,83763,93263,101217,89226,73066,60636,44881,36773,28606,18510,9214,3465,814,123
경기도,처인구,268242,9085,12111,12060,15726,21116,19262,16515,20468,21143,22689,22073,21002,18245,12566,8825,6870,4723,2589,937,210,27
경기도,기흥구,434871,17529,24896,25013,23241,29349,27446,24952,34271,38874,42447,36748,28902,23703,17668,14850,11557,7654,3806,1536,369,60
경기도,수지구,363862,14931,21241,22026,20749,22915,21815,21440,29024,33246,36081,30405,23162,18688,14647,13098,10179,6133,2819,992,235,36
경기도,파주시,460541,18758,25314,24344,22915,24927,31706,31637,38300,38405,41036,37649,33492,28645,19019,15076,13065,9424,4728,1677,368,56
경기도,이천시,226212,8131,10818,10636,12754,14691,19197,16469,17195,17422,17796,18154,17328,15161,10070,7023,5797,4333,2284,740,194,19
경기도,안성시,203030,6047,8557,8791,10614,14380,14164,13041,15225,15734,16528,16515,15803,14707,10419,7454,6148,4992,2723,926,235,27
경기도,김포시,474546,23616,30581,25177,19798,22649,30801,34407,47968,46904,40994,35010,31715,28545,19844,14708,10509,6658,3310,1091,232,29
경기도,화성시,880859,46767,58774,52160,41730,48308,65594,75121,92331,88943,77818,64074,53043,41902,26856,18341,13095,9267,4760,1575,359,41
경기도,광주시,385141,16286,19036,16336,16322,21858,25927,26693,35235,33321,33044,32041,30690,28185,18940,12730,8946,5550,2724,1012,230,35
경기도,양주시,233286,8450,11394,11715,11575,13755,14864,13725,16690,18436,21198,19645,18049,16751,11504,8960,7440,5077,2713,1031,274,40
경기도,포천시,157939,3760,4912,5512,6599,10672,12640,10618,9729,9921,12184,13829,14940,14333,8776,6566,5479,4282,2151,784,223,29
경기도,여주시,113352,3079,4288,4470,5260,6712,6889,5883,6909,7489,8592,9465,10214,10108,7749,5210,4780,3494,1889,697,152,23
경기도,연천군,42278,1287,1440,1427,1541,2268,3091,2241,2174,2172,2696,3074,3826,4123,3017,2604,2292,1787,853,290,69,6
경기도,가평군,60233,1488,1847,2284,2649,2806,3130,2702,3016,3419,4169,5004,5967,6558,4902,3357,3078,2260,1136,358,86,17
경기도,양평군,113844,2926,4138,4600,5072,4958,5304,4623,5863,6926,8473,9058,10927,11874,9557,6789,5701,3965,2124,776,162,28
강원도,춘천시,284645,9303,12311,12562,15146,22096,19095,16117,18523,19293,22380,23358,22996,21899,15230,10424,10373,7868,3759,1504,364,44
강원도,원주시,352429,12196,15924,17207,18437,24667,22886,20684,24497,26318,30077,30627,29101,27216,17199,11068,10501,8064,3935,1460,314,51
강원도,강릉시,216542,5674,7740,8650,11764,17890,12698,9686,12065,14172,17297,17889,17903,18893,13733,10127,9121,6533,3094,1268,298,47
강원도,동해시,87801,2744,3949,4102,3991,4022,4230,3942,5519,6503,7847,7812,7436,7746,5735,4164,3826,2478,1237,405,105,8
강원도,태백시,41494,1014,1600,1809,1821,1811,1497,1536,2280,3024,3383,3674,3667,4170,3316,2567,2181,1400,532,175,34,X
강원도,속초시,80054,2500,3339,3379,3403,3791,4372,4166,5100,5558,6689,7450,7427,7337,5044,3604,3152,2191,953,492,100,7
강원도,삼척시,65939,1676,2120,2259,3374,5913,3219,2625,3248,3877,4806,5296,5660,6108,4551,3620,3366,2444,1282,407,79,9
강원도,홍천군,66587,1648,2077,2299,2650,3109,3400,2927,3244,3575,4396,5454,6782,7622,5447,3685,3419,2866,1367,484,119,17
강원도,횡성군,44649,931,1200,1424,2079,2077,1790,1581,1938,2081,2733,3654,4603,5626,4033,2749,2638,2063,958,390,89,12
강원도,영월군,36282,685,996,1116,1485,1549,1315,1188,1525,1809,2575,3224,3738,4287,3321,2335,2331,1735,763,246,57,X
강원도,평창군,39258,775,1080,1298,1272,1466,1525,1349,1695,2161,2913,3522,4151,4853,3532,2498,2311,1808,714,254,70,11
강원도,정선군,34524,706,1022,1203,1125,1145,1217,1379,1732,2112,2612,3105,3516,4116,2973,2177,2079,1407,599,218,76,5
강원도,철원군,43042,1665,1650,1731,1716,2412,3155,2342,2432,2571,2997,3291,3654,3727,2665,2271,2307,1549,561,278,60,8
강원도,화천군,23733,885,910,833,795,1545,2098,1579,1302,1223,1413,1750,2046,2085,1494,1120,1212,892,364,142,40,5
강원도,양구군,21317,856,862,824,1050,1199,1642,1317,1256,1146,1329,1537,1896,1938,1280,906,1057,747,334,107,30,X
강원도,인제군,30147,1231,1250,1140,878,1507,2208,1877,1948,1847,1997,2240,2872,2925,1975,1258,1354,978,423,187,48,X
강원도,고성군,26572,539,708,677,877,1967,1692,1167,1187,1274,1697,2029,2476,2709,2143,1661,1711,1222,531,240,58,7
강원도,양양군,26748,560,769,806,871,1020,1127,1024,1347,1543,1844,2279,2601,2917,2402,1789,1774,1233,544,224,64,10
충청북도,충주시,218412,6299,8339,8890,10682,16672,14963,11804,13375,14145,16729,18512,18787,18144,12750,8760,8460,6487,3287,1062,240,25
충청북도,제천시,134768,3691,5021,5385,6983,10153,7034,5918,7318,8032,10159,11750,11949,12819,9372,6311,5940,4204,1911,651,149,18
충청북도,청주시,855326,32812,42103,41559,45313,62452,65055,56904,65033,65564,70839,72195,65911,57707,38039,25630,21369,15448,8013,2716,587,77
충청북도,상당구,184787,6650,9267,9162,9985,11574,11516,9907,12595,13714,15859,16764,15772,13731,9461,6465,5540,3979,1955,742,128,21
충청북도,서원구,202390,5820,8364,9511,11773,18089,14874,11018,12676,14057,16965,18024,16551,15069,9899,6832,5686,4117,2160,721,165,19
충청북도,흥덕구,270590,11181,13330,12882,13623,19266,23861,21059,22181,21141,22501,22918,20461,16862,10630,6795,5371,3704,2034,621,156,13
충청북도,청원구,197559,9161,11142,10004,9932,13523,14804,14920,17581,16652,15514,14489,13127,12045,8049,5538,4772,3648,1864,632,138,24
충청북도,보은군,31543,637,819,946,1111,1194,1130,1045,1293,1374,1876,2473,3222,3633,2857,2246,2191,1942,1081,388,75,10
충청북도,옥천군,48868,1004,1586,1818,1845,2310,1970,1720,2291,2703,3378,4059,4671,5148,4176,3191,2930,2207,1331,441,81,8
충청북도,영동군,47016,1061,1290,1480,1997,3219,1904,1536,1812,2187,2989,3761,4388,4855,3914,3191,3150,2482,1264,428,93,15
충청북도,진천군,89514,3527,4413,4155,4045,4798,6050,6381,7619,7425,7147,7305,7028,6118,4225,2902,2544,2252,1142,352,78,8
충청북도,괴산군,38093,518,736,923,1539,2716,1613,1292,1418,1579,2100,3042,3871,4583,3535,2619,2550,2046,1028,302,68,15
충청북도,음성군,103725,2641,3541,3706,4172,5845,7372,6945,7133,7349,8196,9225,9413,8825,6165,4214,3846,2887,1578,537,114,21
충청북도,단양군,27640,470,684,876,1024,958,1014,912,1083,1316,1837,2427,3022,3459,2550,1960,1799,1358,630,209,46,6
충청북도,증평군,37183,1475,1849,1668,1638,2354,2507,2292,2721,2706,2886,3060,2923,2864,2006,1360,1266,959,475,144,25,5
충청남도,천안시,682199,28088,34953,33598,36766,52798,53900,52908,58958,56404,57623,55298,49672,39189,24508,17062,13138,9909,5243,1728,399,57
충청남도,동남구,273764,8753,12110,12700,16054,23310,19551,16681,19539,21124,22923,22838,22130,18745,12333,8702,6870,5317,2869,961,219,35
충청남도,서북구,408435,19335,22843,20898,20712,29488,34349,36227,39419,35280,34700,32460,27542,20444,12175,8360,6268,4592,2374,767,180,22
충청남도,공주시,108333,2335,3392,3729,6231,8191,5924,4761,5254,5974,7211,8389,9840,9976,7717,5974,5278,4440,2676,848,159,34
충청남도,보령시,99088,2540,3586,3869,3765,4850,4990,4761,5813,6484,7669,7848,8896,9062,7359,6021,4890,3855,2031,641,136,22
충청남도,아산시,340518,14751,19559,18244,17561,23243,22636,24700,31467,30782,28700,25615,22568,18992,13021,9884,7974,6242,3307,1038,202,32
충청남도,서산시,176379,6849,8761,8669,8003,9183,10266,10782,12722,13594,14646,14480,14035,12667,8955,7539,6161,4921,2979,914,224,29
충청남도,논산시,119707,3121,4123,4677,6071,6963,6574,5830,6312,6914,8515,9012,10219,10876,8421,6675,6073,5129,2981,984,201,36
충청남도,계룡시,40854,1444,2405,2983,2641,2303,1893,1662,2790,3682,4574,3863,2989,2605,1793,1136,848,668,399,143,30,X
충청남도,당진시,168955,6863,8883,8170,7151,8120,9306,11101,13850,13528,13662,12935,13070,11908,8553,7102,5841,5058,2735,892,200,27
충청남도,금산군,53758,1019,1527,2090,2848,4088,2441,1937,2402,2754,3496,4027,4688,5094,4224,3450,3147,2622,1398,414,82,10
충청남도,부여군,64207,1106,1761,2055,2375,3035,2615,2228,2583,3029,4037,4665,5860,6930,5611,4806,4443,3773,2322,802,146,25
충청남도,서천군,51039,901,1357,1498,1859,1849,2091,1791,2086,2508,3249,3689,4511,5178,4668,4142,3708,3221,1911,684,119,19
충청남도,청양군,30103,503,744,837,1054,1401,1214,1096,1138,1307,1742,2237,2943,3276,2652,2303,2127,1964,1169,332,58,6
충청남도,홍성군,102757,3314,4449,4779,5370,6385,5293,5069,6360,6732,7858,7557,8229,7970,6410,5307,4576,3958,2272,699,153,17
충청남도,예산군,77838,1434,2170,2583,3209,3708,3609,3226,3662,4154,5414,6118,7326,7768,6387,5330,4757,4026,2207,604,119,27
충청남도,태안군,60901,1271,1803,2035,2127,2691,2700,2465,3074,3527,4099,4715,5615,6313,5209,4611,3829,2708,1544,460,99,6
전라북도,전주시,666517,22123,32160,33296,39317,54371,46183,37829,44866,49284,56882,55543,50361,44669,31757,25630,18641,13228,7261,2533,502,81
전라북도,완산구,342896,10074,14731,16003,21064,27669,23693,18692,21303,23667,29397,29747,27590,24604,17535,13987,10077,7142,4110,1471,291,49
전라북도,덕진구,323621,12049,17429,17293,18253,26702,22490,19137,23563,25617,27485,25796,22771,20065,14222,11643,8564,6086,3151,1062,211,32
전라북도,군산시,269023,8332,12727,12633,13685,17954,14991,13858,18537,20068,23157,22148,20932,20703,15543,12704,9510,6421,3577,1279,232,32
전라북도,익산시,285312,7715,11505,12313,16111,22908,18232,13606,16114,18594,22740,24075,23897,22736,16585,13436,10575,7775,4487,1569,300,39
전라북도,정읍시,106706,2544,3844,4236,4808,5938,5089,4438,5207,6433,8134,8716,9123,9104,7193,6828,6137,4975,2864,895,171,29
전라북도,남원시,78097,2183,2831,3204,3411,3462,3389,2952,3618,4498,6050,6739,6716,6960,5639,5158,4498,3715,2147,730,168,29
전라북도,김제시,79733,1662,2593,2812,3017,3498,3741,3284,3868,4304,5332,6091,6896,7591,6204,5754,5187,4252,2590,880,155,22
전라북도,완주군,95834,2745,4153,4255,5133,7417,5224,4465,5838,6425,7128,7424,7540,7444,5777,4872,4027,3302,1840,669,140,16
전라북도,진안군,23380,612,638,710,744,880,841,738,890,1079,1417,1867,2286,2464,2047,1910,1746,1459,775,221,51,5
전라북도,무주군,22678,450,740,827,819,722,830,779,909,1193,1559,1878,2118,2254,1903,1614,1656,1394,743,228,50,12
전라북도,장수군,20879,454,692,758,711,767,810,751,867,1080,1359,1620,1860,2107,1876,1535,1474,1254,672,186,40,6
전라북도,임실군,26075,669,662,773,896,1272,1064,939,1001,1200,1495,2005,2294,2565,2070,2126,1980,1775,936,301,41,11
전라북도,순창군,26598,793,743,1024,1000,931,951,946,1131,1350,1801,2031,2188,2575,2010,2014,2077,1778,863,304,75,13
전라북도,고창군,52608,1083,1601,1992,2382,1921,2067,1853,2202,2512,3435,4023,4542,5145,4089,4088,4014,3190,1745,586,116,22
전라북도,부안군,49326,1047,1482,1582,1777,1931,2015,1809,2233,2594,3297,3851,4423,4933,4107,3904,3451,2804,1539,463,77,7
전라남도,목포시,224509,7035,11460,11804,12075,14892,12357,10754,15721,17731,19698,18610,17668,16798,12011,9878,7688,4975,2311,835,179,29
전라남도,여수시,271505,8955,12042,11918,12602,15129,16557,14356,17791,19026,22199,23258,23345,22026,16969,13533,10022,6807,3448,1207,278,37
전라남도,순천시,272449,9942,13602,14049,14699,17707,17365,14506,18040,19550,22861,24582,22999,19713,13103,10274,8203,6263,3476,1211,263,41
전라남도,나주시,113293,4631,5422,4602,5090,6120,6941,6794,8006,8032,7829,7863,8280,8646,6375,5617,5418,4212,2331,860,199,25
전라남도,광양시,143928,5778,7564,7489,7241,8208,9069,8149,10186,10750,12422,15412,12587,9804,6232,4521,3386,2898,1578,530,117,7
전라남도,담양군,44201,1055,1174,1225,2150,2498,2277,1717,1939,2029,2797,3490,4082,4336,3348,3070,2913,2390,1178,427,89,17
전라남도,곡성군,27349,434,650,790,1479,1642,1146,805,988,1189,1695,2076,2325,2546,2046,2067,2050,1928,1045,360,80,8
전라남도,구례군,23907,441,687,754,745,851,815,676,927,1127,1548,2014,2255,2438,1973,1867,1911,1639,831,334,65,9
전라남도,고흥군,60045,1168,1384,1627,1689,1902,1944,1737,2081,2584,3413,4312,5252,6303,5736,5563,5359,4499,2400,860,193,39
전라남도,보성군,37888,769,977,1172,1356,1372,1231,1155,1327,1695,2162,2809,3278,3819,3267,3161,3153,2858,1603,586,118,20
전라남도,화순군,60247,1361,2057,2448,2994,3423,2909,2131,2591,3359,4654,5383,5395,5175,3824,3581,3748,3010,1549,519,120,16
전라남도,장흥군,35273,862,1128,1177,1217,1423,1340,1264,1553,1670,2261,2761,3113,3475,2751,2630,2539,2287,1284,443,85,10
전라남도,강진군,32778,758,995,1225,1302,1332,1294,1095,1333,1509,2048,2399,2919,3291,2567,2584,2414,2178,1089,374,69,X
전라남도,해남군,65223,1975,2090,2243,2195,2600,2626,2476,3032,3488,4348,5150,5762,6484,5069,4868,4669,3698,1751,573,109,17
전라남도,영암군,57076,1678,2037,2025,2459,3592,3183,3032,3698,3737,4313,4680,4792,4386,3290,2994,3016,2399,1302,371,86,6
전라남도,무안군,84637,2953,4638,4645,4747,6158,4456,4197,6093,6468,6394,6136,5780,5610,4451,3953,3525,2566,1311,450,90,16
전라남도,함평군,30156,604,764,950,1296,1205,1192,997,1180,1340,1858,2287,2641,2984,2447,2416,2447,2094,1025,352,70,7
전라남도,영광군,50196,2042,1709,1896,2035,2087,2368,2353,2598,2757,3485,3841,4190,4393,3565,3476,3306,2481,1162,351,94,7
전라남도,장성군,41443,1216,1472,1456,1740,1734,2339,1715,2053,2269,2798,3196,3531,3583,2881,2832,2728,2258,1175,374,82,11
전라남도,완도군,48269,1439,1725,1643,1437,1670,2397,2177,2642,2907,3183,3620,4012,4466,3628,3504,3474,2673,1212,366,82,12
전라남도,진도군,29297,704,955,965,883,1086,1592,1308,1397,1529,1920,2178,2459,2821,2125,2190,2295,1781,808,245,46,10
전라남도,신안군,35138,689,862,774,810,1009,1356,1299,1510,1691,2142,2729,3430,3738,3155,3010,3013,2413,1114,324,63,7
경상북도,포항시,501109,16374,23480,22488,22903,28302,28785,26537,34543,35582,40919,44310,45197,44529,32660,21222,15463,10329,5238,1815,384,49
경상북도,남구,228937,6970,10568,10307,10509,12203,14118,12309,15781,16508,18900,20546,20387,20547,15340,9863,6934,4354,2022,619,134,18
경상북도,북구,272172,9404,12912,12181,12394,16099,14667,14228,18762,19074,22019,23764,24810,23982,17320,11359,8529,5975,3216,1196,250,31
경상북도,경주시,261778,7070,9459,9792,11274,17398,15142,13730,16006,16908,20885,22868,23330,22518,17182,13010,10933,8266,4344,1336,288,39
경상북도,김천시,139145,4701,5645,5486,6352,7803,7447,7080,8646,8856,10142,11452,11943,11894,9460,7158,6066,5158,2714,936,182,24
경상북도,안동시,159412,4563,6060,6376,7967,10122,8283,7098,8540,10004,11943,12904,13218,13849,11137,8486,7933,6132,3347,1169,243,38
경상북도,구미시,416603,17763,23880,21995,23253,27503,29812,30640,36487,35892,36605,36653,32160,24237,14463,9003,6972,5244,2893,923,199,26
경상북도,영주시,103818,2396,3643,4118,5613,6206,4400,3774,4851,6061,7605,8581,9057,9743,8179,6138,5642,4473,2324,773,200,41
경상북도,영천시,100353,2747,2928,3071,3278,5095,5403,5052,5479,5586,7124,8430,9140,9610,8034,6430,5670,4327,2242,609,88,10
경상북도,상주시,95473,2220,2954,3387,4082,4945,3799,3354,4210,4750,6381,7400,8770,9850,7842,6478,5860,5262,2769,934,209,17
경상북도,문경시,68212,1714,2272,2442,2782,2930,2535,2467,3176,3689,4744,5328,6243,7123,5727,4720,4326,3508,1718,613,139,16
경상북도,경산시,283733,9002,11644,10762,15935,28618,20771,16774,19192,19646,22535,22817,21846,19754,14484,10757,8536,6256,3202,983,196,23
경상북도,군위군,22096,299,373,435,475,702,818,754,745,899,1164,1651,2308,2680,2329,1929,1903,1542,827,223,35,5
경상북도,의성군,49243,1013,873,1001,1028,1290,1629,1548,1714,1847,2516,3459,4804,5927,5316,4301,4436,3764,2037,612,115,13
경상북도,청송군,23761,422,541,544,519,705,825,787,899,946,1323,1956,2517,2843,2415,1957,1966,1554,768,234,31,9
경상북도,영양군,15743,337,387,437,374,404,528,503,541,685,961,1275,1587,1765,1518,1234,1390,1079,516,178,38,6
경상북도,영덕군,34893,783,868,941,848,1005,1328,1205,1557,1686,2148,2652,3194,3688,3305,2758,2993,2375,1128,335,88,8
경상북도,청도군,41378,645,831,998,1493,1388,1639,1467,1648,1804,2432,3029,4014,4788,4368,3454,2886,2553,1416,434,86,5
경상북도,고령군,31419,592,798,947,962,1429,1478,1425,1603,1675,2287,2554,3078,3168,2680,2101,1859,1630,878,223,49,X
경상북도,성주군,41574,916,915,960,1069,1555,2139,1885,1880,2065,2521,3381,4482,4613,3859,3075,2449,2077,1221,423,81,8
경상북도,칠곡군,115756,3943,5694,5600,5534,6456,6607,7257,9251,9843,10698,10149,9114,7786,5351,4001,3489,2829,1542,492,105,15
경상북도,예천군,53718,2025,2541,2238,1789,1782,2033,2392,3112,3488,3402,3617,4189,4801,4205,3357,3386,3071,1664,513,101,12
경상북도,봉화군,29945,602,762,816,864,816,882,862,1096,1291,1774,2374,3154,3549,2971,2304,2291,1999,1066,376,86,10
경상북도,울진군,47151,1302,1590,1655,1763,1709,2360,2343,2544,2862,3418,3818,4373,4439,3310,2771,2750,2332,1238,463,98,13
경상북도,울릉군,8444,175,234,226,165,273,454,392,535,538,698,806,887,925,696,528,423,284,146,46,10,X
경상남도,진주시,352403,11717,16599,16967,18501,26783,22795,19737,23262,25379,28787,29871,27860,26036,18852,14294,11201,8015,4070,1330,314,33
경상남도,통영시,127984,3490,6267,6591,5436,5661,5802,6359,9290,10436,11047,10917,10978,11388,8419,6094,4734,3053,1467,462,86,7
경상남도,사천시,111184,3366,4939,5218,4531,4689,5749,5755,7539,8499,9467,9187,8950,8996,7131,5727,4840,3759,2028,665,132,17
경상남도,김해시,552427,20861,29193,30015,29385,36143,36002,34350,43357,46860,53619,52383,43950,34915,21871,14830,11280,7801,4026,1334,227,25
경상남도,밀양시,103228,2417,3141,3608,3990,5089,5160,4350,5315,5729,6979,8321,9753,11170,8956,6561,5500,4209,2213,629,122,16
경상남도,거제시,246965,11044,16297,14400,11957,11624,12209,15761,24298,24173,24288,21434,17663,16025,9880,6195,4427,2969,1643,550,115,13
경상남도,양산시,351206,15272,19524,17130,16513,19300,21599,22091,29360,29850,30491,30271,27538,24594,16993,11836,8980,5960,2826,883,171,24
경상남도,창원시,1029389,35002,48589,48038,47937,61409,66399,61887,76084,79357,87618,94050,91535,82607,56336,36879,25876,17553,8842,2824,510,57
경상남도,의창구,262203,9557,12038,11222,11698,17364,18748,16561,19764,19285,21571,25587,24873,20792,12975,7869,5421,3901,2134,709,118,16
경상남도,성산구,213607,6992,9736,10669,11327,14182,16971,15189,15564,16278,19897,22347,21348,15430,7977,4271,2521,1762,873,225,45,X
경상남도,마산합포구,172632,5014,7328,6575,7073,9413,9341,8727,11764,12143,12805,14048,14771,16297,12818,9387,7027,4702,2400,825,161,13
경상남도,마산회원구,190389,5303,8126,8677,9025,11261,10924,9884,12442,14106,15970,17333,17037,16719,12820,8707,5963,3722,1724,535,96,15
경상남도,진해구,190558,8136,11361,10895,8814,9189,10415,11526,16550,17545,17375,14735,13506,13369,9746,6645,4944,3466,1711,530,90,10
경상남도,의령군,25965,478,610,662,751,947,1079,998,1069,1156,1618,1973,2433,2801,2325,1923,1938,1790,1009,341,58,6
경상남도,함안군,65279,1569,2567,2913,2799,2895,3358,3317,3954,4531,5083,5313,5559,5937,4549,3481,3049,2527,1370,433,70,5
경상남도,창녕군,61302,1459,1845,1850,2180,2476,2965,2887,3174,3327,3865,4787,5713,6503,5069,4071,3749,3092,1699,514,68,9
경상남도,고성군,50016,887,1703,1847,2167,1833,1939,1858,2572,2775,3459,4145,4546,4976,4216,3481,3046,2532,1454,492,81,7
경상남도,남해군,41587,588,922,1303,1696,1650,1504,1257,1506,1793,2687,3151,3894,4257,3721,3396,3110,2792,1678,557,119,6
경상남도,하동군,41772,780,1048,1315,1198,1457,1479,1341,1466,1855,2804,3682,4188,4607,3768,3141,2979,2606,1419,530,96,13
경상남도,산청군,33500,582,749,976,1226,1054,1204,1052,1226,1380,1984,2836,3299,3704,3158,2553,2532,2238,1239,412,86,10
경상남도,함양군,37114,715,1062,1358,1310,1299,1354,1131,1529,1713,2525,3182,3505,3863,3111,2679,2680,2428,1180,388,90,12
경상남도,거창군,59595,1453,2270,2516,3206,3098,2442,2243,2756,3253,4173,4996,5229,5490,4273,3557,3341,3041,1576,559,107,16
경상남도,합천군,42140,640,926,1077,1152,1404,1444,1216,1469,1720,2407,3291,4090,4724,3913,3461,3572,3265,1753,503,99,14
제주특별자치도,제주시,492306,19587,26546,25952,25636,31396,33467,29299,37464,39014,43959,41915,37014,31894,21497,16540,13011,9712,5637,2032,635,99
제주특별자치도,서귀포시,178552,6381,8724,8786,7643,8522,10027,9352,12447,13610,15494,15306,14662,13781,9782,8216,6755,4987,2911,839,272,55
